-- MySQL dump 10.13  Distrib 8.0.36, for Linux (x86_64)
--
-- Host: localhost    Database: tuneTrack
-- ------------------------------------------------------
-- Server version	8.0.36-0ubuntu0.20.04.1

/*!40101 SET @OLD_CHARACTER_SET_CLIENT=@@CHARACTER_SET_CLIENT */;
/*!40101 SET @OLD_CHARACTER_SET_RESULTS=@@CHARACTER_SET_RESULTS */;
/*!40101 SET @OLD_COLLATION_CONNECTION=@@COLLATION_CONNECTION */;
/*!50503 SET NAMES utf8mb4 */;
/*!40103 SET @OLD_TIME_ZONE=@@TIME_ZONE */;
/*!40103 SET TIME_ZONE='+00:00' */;
/*!40014 SET @OLD_UNIQUE_CHECKS=@@UNIQUE_CHECKS, UNIQUE_CHECKS=0 */;
/*!40014 SET @OLD_FOREIGN_KEY_CHECKS=@@FOREIGN_KEY_CHECKS, FOREIGN_KEY_CHECKS=0 */;
/*!40101 SET @OLD_SQL_MODE=@@SQL_MODE, SQL_MODE='NO_AUTO_VALUE_ON_ZERO' */;
/*!40111 SET @OLD_SQL_NOTES=@@SQL_NOTES, SQL_NOTES=0 */;

--
-- Table structure for table `albums`
--

DROP TABLE IF EXISTS `albums`;
/*!40101 SET @saved_cs_client     = @@character_set_client */;
/*!50503 SET character_set_client = utf8mb4 */;
CREATE TABLE `albums` (
  `id` varchar(255) NOT NULL,
  `title` varchar(255) DEFAULT NULL,
  `release_date` datetime DEFAULT NULL,
  `label` varchar(255) DEFAULT NULL,
  `popularity` int DEFAULT '0',
  `total_tracks` varchar(255) DEFAULT NULL,
  `artist_id` varchar(255) DEFAULT NULL,
  `created_at` datetime DEFAULT NULL,
  `updated_at` datetime DEFAULT NULL,
  PRIMARY KEY (`id`),
  KEY `artist_id` (`artist_id`),
  CONSTRAINT `albums_ibfk_1` FOREIGN KEY (`artist_id`) REFERENCES `artists` (`id`)
) ENGINE=InnoDB DEFAULT CHARSET=utf8mb4 COLLATE=utf8mb4_0900_ai_ci;
/*!40101 SET character_set_client = @saved_cs_client */;

--
-- Dumping data for table `albums`
--

LOCK TABLES `albums` WRITE;
/*!40000 ALTER TABLE `albums` DISABLE KEYS */;
INSERT INTO `albums` VALUES ('0573eb45-2eaa-4e25-ae97-1d71bce524ba','Invasion of Privacy','2018-04-06 00:00:00','Atlantic/KSR',79,'13','61094e76-7ce6-4ec5-bc45-5221c3fa3d0a','2024-03-26 13:36:31','2024-03-26 13:36:31'),('0c3f8515-ba2c-4da1-825d-8930ed6d6350','RENAISSANCE','2022-07-29 00:00:00','Parkwood Entertainment/Columbia',85,'16','46694634-d777-40f0-9341-6f59e2d04964','2024-03-26 13:12:32','2024-03-26 13:12:32'),('1150d75d-18e1-4a20-af72-fed3fafb0a5a','Happier Than Ever','2021-07-30 00:00:00','Darkroom/Interscope Records',88,'16','87866261-cd0b-483d-92c5-25ea013766bf','2024-03-26 13:35:55','2024-03-26 13:35:55'),('1501537b-f07d-4b23-b12a-eb671caf9999','eternal sunshine (slightly deluxe)','2024-03-11 00:00:00','Republic Records',88,'17','7f86246f-7af4-48dd-8dba-4a6bf67ac148','2024-03-26 13:35:21','2024-03-26 13:35:21'),('1b772651-7b8d-43bb-82f8-1f952ce173ca','emails i can’t send fwd:','2023-03-17 00:00:00','Island Records',86,'17','02a74551-8ea4-4f07-b311-edcf5a4ff264','2024-03-26 11:21:56','2024-03-26 11:21:56'),('1dec1cc6-12d3-4af1-a381-6cf206bbb1a3','The Highlights (Deluxe)','2024-02-09 00:00:00','Universal Republic Records',87,'36','e68aeb9d-321d-4130-b30a-07407e590e96','2024-03-26 13:34:43','2024-03-26 13:34:43'),('21200740-1934-4101-b70c-c4c39c6d1c56','Rare','2020-01-10 00:00:00','Interscope Records',80,'13','83cbb6db-7f25-4600-83bd-de4292b9a98f','2024-03-26 10:53:08','2024-03-26 10:53:08'),('36d44fdc-cfb9-4a42-a8ab-90cfee34e4c4','GUTS (spilled)','2024-03-22 00:00:00','Olivia Rodrigo PS',83,'17','4540a49d-608d-4872-a320-48a2ae7ed336','2024-03-26 11:18:12','2024-03-26 11:18:12'),('428dff10-d167-41d0-bf37-b1890f1edb51','1989 (Taylor\'s Version) [Deluxe]','2023-10-27 00:00:00','Taylor Swift',84,'22','90d134d9-13c0-4b25-aaba-bba70e1b2828','2024-03-26 11:13:43','2024-03-26 11:13:43'),('48635131-8be1-4461-8421-39c747d8d88b','Romance','2019-12-06 00:00:00','Syco Music/Epic',80,'14','9a403fd9-cfb3-4770-b622-7e153a738902','2024-03-26 10:52:36','2024-03-26 10:52:36'),('544ab7f1-dd56-4945-8e46-2e8982f7bb85','Dua Lipa (Deluxe)','2017-06-02 00:00:00','Warner Records',81,'17','b562a9e4-d1d5-46e0-bdbf-927f55c9c153','2024-03-26 10:52:49','2024-03-26 10:52:49'),('6761e63b-72e9-4dfc-b922-fe204ec10d8d','Lover','2019-08-23 00:00:00','Taylor Swift',98,'18','87c91785-983c-416d-b1ee-7eab1fe67849','2024-03-26 11:14:46','2024-03-26 11:14:46'),('7ae4e737-5fc4-4861-9c9a-effa8ebf7b69','RENAISSANCE','2022-07-29 00:00:00','Parkwood Entertainment/Columbia',85,'16','1c62a5e6-13f7-4dad-aa8b-926f9668a66b','2024-03-26 13:35:40','2024-03-26 13:35:40'),('c9e484d7-8c66-49ca-8844-0ed82fcfb3e6','Pink Friday 2','2023-12-08 00:00:00','Republic Records',86,'22','a2ecfb25-9e41-4f3f-b87c-1a31a0ff8e62','2024-03-26 13:36:11','2024-03-26 13:36:11'),('d6145870-faa7-4549-80f7-8d1f34a8a863','eternal sunshine (slightly deluxe)','2024-03-11 00:00:00','Republic Records',88,'17','0dd2701b-6317-4976-b718-34598709b6e6','2024-03-26 13:11:33','2024-03-26 13:11:33'),('d8e7b837-fa63-4b09-918f-a727923dc39f','The Highlights (Deluxe)','2024-02-09 00:00:00','Universal Republic Records',87,'36','dc603e33-6c82-41c8-8cea-054e474bf95c','2024-03-26 13:09:27','2024-03-26 13:09:27'),('d9381e52-0860-4b61-a25b-d11da8f2403f','Endless Summer Vacation','2023-08-18 00:00:00','Columbia',89,'14','535d5e02-dced-43fa-8ecd-8eda062b40f0','2024-03-26 13:36:49','2024-03-26 13:36:49'),('e44e9c65-d4d2-4d43-ba37-cbe346f1b085','SOUR','2021-05-21 00:00:00','Olivia Rodrigo PS',95,'11','bff29b9b-8040-48dd-b377-e40b075672f1','2024-03-26 11:20:19','2024-03-26 11:20:19');
/*!40000 ALTER TABLE `albums` ENABLE KEYS */;
UNLOCK TABLES;

--
-- Table structure for table `artists`
--

DROP TABLE IF EXISTS `artists`;
/*!40101 SET @saved_cs_client     = @@character_set_client */;
/*!50503 SET character_set_client = utf8mb4 */;
CREATE TABLE `artists` (
  `id` varchar(255) NOT NULL,
  `name` varchar(128) DEFAULT NULL,
  `follower` int DEFAULT '0',
  `popularity` int DEFAULT '0',
  `genre_id` varchar(255) DEFAULT NULL,
  `nb_album` int DEFAULT '0',
  `monthly_listener` int DEFAULT '0',
  `created_at` datetime DEFAULT NULL,
  `updated_at` datetime DEFAULT NULL,
  PRIMARY KEY (`id`),
  KEY `genre_id` (`genre_id`),
  CONSTRAINT `artists_ibfk_1` FOREIGN KEY (`genre_id`) REFERENCES `genres` (`id`)
) ENGINE=InnoDB DEFAULT CHARSET=utf8mb4 COLLATE=utf8mb4_0900_ai_ci;
/*!40101 SET character_set_client = @saved_cs_client */;

--
-- Dumping data for table `artists`
--

LOCK TABLES `artists` WRITE;
/*!40000 ALTER TABLE `artists` DISABLE KEYS */;
INSERT INTO `artists` VALUES ('02a74551-8ea4-4f07-b311-edcf5a4ff264','Sabrina Carpenter',7596228,81,'7b621c0a-ad3e-4e13-8c50-1e020b38b3cc',0,35715720,'2024-03-26 11:21:54','2024-03-26 11:21:54'),('0dd2701b-6317-4976-b718-34598709b6e6','Ariana Grande',95293158,94,'65a65f18-6894-45a5-b009-b195ba133603',0,88272066,'2024-03-26 13:11:31','2024-03-26 13:11:31'),('1c62a5e6-13f7-4dad-aa8b-926f9668a66b','Beyoncé',36739071,87,'e061060d-09c1-4d83-84f7-4cca67a522e7',0,72478581,'2024-03-26 13:35:40','2024-03-26 13:35:40'),('4540a49d-608d-4872-a320-48a2ae7ed336','Olivia Rodrigo',34257441,89,'fe8883cf-56f8-4041-8e9e-203578fa4d2b',0,59241102,'2024-03-26 11:18:04','2024-03-26 11:18:04'),('46694634-d777-40f0-9341-6f59e2d04964','Beyoncé',36739071,87,'232207d0-9277-4a5c-a8ce-c7d1a938946e',0,72478581,'2024-03-26 13:12:31','2024-03-26 13:12:31'),('535d5e02-dced-43fa-8ecd-8eda062b40f0','Miley Cyrus',23419528,85,'dd17e1f3-157c-49e1-8ee4-e2c137f1fceb',0,68132353,'2024-03-26 13:36:48','2024-03-26 13:36:48'),('61094e76-7ce6-4ec5-bc45-5221c3fa3d0a','Cardi B',23389646,80,'259ab0f4-55d5-4451-86a4-61d715c754c9',0,32160534,'2024-03-26 13:36:30','2024-03-26 13:36:30'),('7b494a5b-e191-4458-99a6-cd0cfe594e9d','Ariana Grande',95267894,94,'94fe7ad4-6c90-4032-a841-2ce64a4b05a0',0,87898686,'2024-03-25 13:06:51','2024-03-25 13:06:51'),('7f86246f-7af4-48dd-8dba-4a6bf67ac148','Ariana Grande',95293158,94,'eb2a3c47-cbee-4ba9-9e95-a2202c390730',0,88272066,'2024-03-26 13:35:21','2024-03-26 13:35:21'),('83cbb6db-7f25-4600-83bd-de4292b9a98f','Selena Gomez',48455978,82,'772fba3f-099d-4440-9704-ad9de1f2c812',0,48810079,'2024-03-26 10:53:08','2024-03-26 10:53:08'),('87866261-cd0b-483d-92c5-25ea013766bf','Billie Eilish',92709939,88,'95fe3e87-8f8e-4128-b980-2e655afdb13c',0,66506728,'2024-03-26 13:35:55','2024-03-26 13:35:55'),('87c91785-983c-416d-b1ee-7eab1fe67849','Taylor Swift',105367170,100,'a0a49b57-488b-4c5b-a1c7-7449e214e199',0,103144082,'2024-03-26 11:14:43','2024-03-26 11:14:43'),('90d134d9-13c0-4b25-aaba-bba70e1b2828','Taylor Swift',105367170,100,'be642372-b259-4099-9796-ea28a4a16a1d',0,103144082,'2024-03-26 11:13:42','2024-03-26 11:13:42'),('9a403fd9-cfb3-4770-b622-7e153a738902','Camila Cabello',32451317,79,'dfc52dcd-da51-4d24-b733-463a86da05da',0,39759244,'2024-03-26 10:52:35','2024-03-26 10:52:35'),('a2ecfb25-9e41-4f3f-b87c-1a31a0ff8e62','Nicki Minaj',30621235,87,'d2318e3f-45b1-48a8-9712-380a3caeb1fa',0,53803391,'2024-03-26 13:36:11','2024-03-26 13:36:11'),('b562a9e4-d1d5-46e0-bdbf-927f55c9c153','Dua Lipa',42816208,88,'417b1295-c962-423f-b87e-67aedade755a',0,76908224,'2024-03-26 10:52:49','2024-03-26 10:52:49'),('b66311ae-cb90-4226-a8e1-230c3fdf4f3b','JAY-Z',95267894,83,'cbab5fc5-ce3c-4f9a-b74a-5df721fc6c0d',0,37887293,'2024-03-25 13:47:36','2024-03-25 13:47:36'),('bff29b9b-8040-48dd-b377-e40b075672f1','Olivia Rodrigo',34257441,89,'ff28fee0-9811-4332-81dd-37a1bb17f6fe',0,59241102,'2024-03-26 11:20:16','2024-03-26 11:20:16'),('dc603e33-6c82-41c8-8cea-054e474bf95c','The Weeknd',80902686,95,'94a44e7e-f86a-4ed4-8ec6-cda3254679a2',0,113488712,'2024-03-26 13:09:21','2024-03-26 13:09:21'),('e68aeb9d-321d-4130-b30a-07407e590e96','The Weeknd',80902686,95,'08984f40-9f7c-47d6-bd7e-9f2fa45e952c',0,113488712,'2024-03-26 13:34:40','2024-03-26 13:34:40');
/*!40000 ALTER TABLE `artists` ENABLE KEYS */;
UNLOCK TABLES;

--
-- Table structure for table `genres`
--

DROP TABLE IF EXISTS `genres`;
/*!40101 SET @saved_cs_client     = @@character_set_client */;
/*!50503 SET character_set_client = utf8mb4 */;
CREATE TABLE `genres` (
  `id` varchar(255) NOT NULL,
  `name` varchar(50) DEFAULT NULL,
  `created_at` datetime DEFAULT NULL,
  `updated_at` datetime DEFAULT NULL,
  PRIMARY KEY (`id`)
) ENGINE=InnoDB DEFAULT CHARSET=utf8mb4 COLLATE=utf8mb4_0900_ai_ci;
/*!40101 SET character_set_client = @saved_cs_client */;

--
-- Dumping data for table `genres`
--

LOCK TABLES `genres` WRITE;
/*!40000 ALTER TABLE `genres` DISABLE KEYS */;
INSERT INTO `genres` VALUES ('08984f40-9f7c-47d6-bd7e-9f2fa45e952c','canadian contemporary r&b','2024-03-26 13:34:36','2024-03-26 13:34:36'),('232207d0-9277-4a5c-a8ce-c7d1a938946e','pop','2024-03-26 13:12:31','2024-03-26 13:12:31'),('259ab0f4-55d5-4451-86a4-61d715c754c9','pop','2024-03-26 13:36:30','2024-03-26 13:36:30'),('417b1295-c962-423f-b87e-67aedade755a','dance pop','2024-03-26 10:52:49','2024-03-26 10:52:49'),('65a65f18-6894-45a5-b009-b195ba133603','pop','2024-03-26 13:11:30','2024-03-26 13:11:30'),('772fba3f-099d-4440-9704-ad9de1f2c812','pop','2024-03-26 10:53:08','2024-03-26 10:53:08'),('7b621c0a-ad3e-4e13-8c50-1e020b38b3cc','pop','2024-03-26 11:21:52','2024-03-26 11:21:52'),('94a44e7e-f86a-4ed4-8ec6-cda3254679a2','canadian contemporary r&b','2024-03-26 13:09:13','2024-03-26 13:09:13'),('94fe7ad4-6c90-4032-a841-2ce64a4b05a0','Pop','2024-03-25 13:06:51','2024-03-25 13:06:51'),('95fe3e87-8f8e-4128-b980-2e655afdb13c','art pop','2024-03-26 13:35:54','2024-03-26 13:35:54'),('a0a49b57-488b-4c5b-a1c7-7449e214e199','pop','2024-03-26 11:14:42','2024-03-26 11:14:42'),('be642372-b259-4099-9796-ea28a4a16a1d','pop','2024-03-26 11:13:36','2024-03-26 11:13:36'),('cbab5fc5-ce3c-4f9a-b74a-5df721fc6c0d','Hip/Hop','2024-03-25 13:13:46','2024-03-25 13:13:46'),('d2318e3f-45b1-48a8-9712-380a3caeb1fa','hip pop','2024-03-26 13:36:11','2024-03-26 13:36:11'),('dd17e1f3-157c-49e1-8ee4-e2c137f1fceb','pop','2024-03-26 13:36:46','2024-03-26 13:36:46'),('dfc52dcd-da51-4d24-b733-463a86da05da','dance pop','2024-03-26 10:52:32','2024-03-26 10:52:32'),('e061060d-09c1-4d83-84f7-4cca67a522e7','pop','2024-03-26 13:35:40','2024-03-26 13:35:40'),('eb2a3c47-cbee-4ba9-9e95-a2202c390730','pop','2024-03-26 13:35:20','2024-03-26 13:35:20'),('fe8883cf-56f8-4041-8e9e-203578fa4d2b','pop','2024-03-26 11:17:33','2024-03-26 11:17:33'),('ff28fee0-9811-4332-81dd-37a1bb17f6fe','pop','2024-03-26 11:20:13','2024-03-26 11:20:13');
/*!40000 ALTER TABLE `genres` ENABLE KEYS */;
UNLOCK TABLES;

--
-- Table structure for table `roles`
--

DROP TABLE IF EXISTS `roles`;
/*!40101 SET @saved_cs_client     = @@character_set_client */;
/*!50503 SET character_set_client = utf8mb4 */;
CREATE TABLE `roles` (
  `name` varchar(50) DEFAULT NULL,
  `id` varchar(60) NOT NULL,
  `created_at` datetime DEFAULT NULL,
  `updated_at` datetime DEFAULT NULL,
  PRIMARY KEY (`id`),
  UNIQUE KEY `name` (`name`)
) ENGINE=InnoDB DEFAULT CHARSET=utf8mb4 COLLATE=utf8mb4_0900_ai_ci;
/*!40101 SET character_set_client = @saved_cs_client */;

--
-- Dumping data for table `roles`
--

LOCK TABLES `roles` WRITE;
/*!40000 ALTER TABLE `roles` DISABLE KEYS */;
INSERT INTO `roles` VALUES ('Standard','11bcf600-b71c-47dd-b0ce-f4d27a8b08fe','2024-03-21 21:27:49','2024-03-21 21:27:49');
/*!40000 ALTER TABLE `roles` ENABLE KEYS */;
UNLOCK TABLES;

--
-- Table structure for table `tokens`
--

DROP TABLE IF EXISTS `tokens`;
/*!40101 SET @saved_cs_client     = @@character_set_client */;
/*!50503 SET character_set_client = utf8mb4 */;
CREATE TABLE `tokens` (
  `id` varchar(60) NOT NULL,
  `jti` varchar(128) NOT NULL,
  `token_type` varchar(128) NOT NULL,
  `user_id` varchar(36) NOT NULL,
  `revoked_at` datetime DEFAULT NULL,
  `expires` datetime NOT NULL,
  `created_at` datetime DEFAULT NULL,
  `updated_at` datetime DEFAULT NULL,
  PRIMARY KEY (`id`),
  UNIQUE KEY `jti` (`jti`),
  KEY `user_id` (`user_id`),
  CONSTRAINT `tokens_ibfk_1` FOREIGN KEY (`user_id`) REFERENCES `users` (`id`)
) ENGINE=InnoDB DEFAULT CHARSET=utf8mb4 COLLATE=utf8mb4_0900_ai_ci;
/*!40101 SET character_set_client = @saved_cs_client */;

--
-- Dumping data for table `tokens`
--

LOCK TABLES `tokens` WRITE;
/*!40000 ALTER TABLE `tokens` DISABLE KEYS */;
INSERT INTO `tokens` VALUES ('2dcb65b8-643a-4817-8fe5-94f09fb6ff10','b631a63b-3212-4536-a1d3-4d65d6a094b4','refresh','4f7ae379-31e5-478a-b616-b9bda0d7f76d',NULL,'2024-04-20 12:06:21','2024-03-21 10:06:22','2024-03-21 10:06:22'),('32bfe3fe-7582-4242-be52-05e4898cd3bb','3f6babbc-3c61-49d1-92cf-a17ba818299f','access','4f7ae379-31e5-478a-b616-b9bda0d7f76d',NULL,'2024-03-21 13:19:00','2024-03-21 11:04:01','2024-03-21 11:04:01'),('7588348e-cb86-494a-badf-9fe189e501fe','dfb5d661-c805-4122-b654-474c6c5e7ad6','access','4f7ae379-31e5-478a-b616-b9bda0d7f76d',NULL,'2024-03-21 23:55:05','2024-03-21 21:40:06','2024-03-21 21:40:06'),('7d074b3f-c891-472d-9e57-8badeea19359','1c4ac117-f8ea-45d3-8be3-0c92e4594370','refresh','4f7ae379-31e5-478a-b616-b9bda0d7f76d',NULL,'2024-04-20 13:04:00','2024-03-21 11:04:02','2024-03-21 11:04:02'),('cb6735b0-0954-4409-b669-a900f476ec1e','075062cd-9f54-4c18-8ea1-796ff3514865','refresh','4f7ae379-31e5-478a-b616-b9bda0d7f76d',NULL,'2024-04-20 23:40:05','2024-03-21 21:40:08','2024-03-21 21:40:08'),('fb996b3a-de32-4fd6-9162-da21d3fe6684','b4e51de8-6617-4d7a-a4b4-170c3f70ee5a','access','4f7ae379-31e5-478a-b616-b9bda0d7f76d',NULL,'2024-03-21 12:21:21','2024-03-21 10:06:21','2024-03-21 10:06:21');
/*!40000 ALTER TABLE `tokens` ENABLE KEYS */;
UNLOCK TABLES;

--
-- Table structure for table `tracks`
--

DROP TABLE IF EXISTS `tracks`;
/*!40101 SET @saved_cs_client     = @@character_set_client */;
/*!50503 SET character_set_client = utf8mb4 */;
CREATE TABLE `tracks` (
  `id` varchar(255) NOT NULL,
  `name` varchar(255) DEFAULT NULL,
  `artist_id` varchar(255) DEFAULT NULL,
  `album_id` varchar(255) DEFAULT NULL,
  `genre_id` varchar(255) DEFAULT NULL,
  `release_date` datetime DEFAULT NULL,
  `popularity` int DEFAULT NULL,
  `track_rank` int DEFAULT NULL,
  `track_position` varchar(255) DEFAULT NULL,
  `created_at` datetime DEFAULT NULL,
  `updated_at` datetime DEFAULT NULL,
  PRIMARY KEY (`id`),
  KEY `artist_id` (`artist_id`),
  KEY `album_id` (`album_id`),
  KEY `genre_id` (`genre_id`),
  CONSTRAINT `tracks_ibfk_1` FOREIGN KEY (`artist_id`) REFERENCES `artists` (`id`),
  CONSTRAINT `tracks_ibfk_2` FOREIGN KEY (`album_id`) REFERENCES `albums` (`id`),
  CONSTRAINT `tracks_ibfk_3` FOREIGN KEY (`genre_id`) REFERENCES `genres` (`id`)
) ENGINE=InnoDB DEFAULT CHARSET=utf8mb4 COLLATE=utf8mb4_0900_ai_ci;
/*!40101 SET character_set_client = @saved_cs_client */;

--
-- Dumping data for table `tracks`
--

LOCK TABLES `tracks` WRITE;
/*!40000 ALTER TABLE `tracks` DISABLE KEYS */;
INSERT INTO `tracks` VALUES ('01cce0ab-c74b-4dca-a05e-1f089792655a','\"Slut!\" (Taylor\'s Version) (From The Vault)','90d134d9-13c0-4b25-aaba-bba70e1b2828','428dff10-d167-41d0-bf37-b1890f1edb51',NULL,NULL,70,0,'17','2024-03-26 11:14:10','2024-03-26 11:14:10'),('028abc5a-64e9-4218-bb8d-95a4cf01280b','Vicious','02a74551-8ea4-4f07-b311-edcf5a4ff264','1b772651-7b8d-43bb-82f8-1f952ce173ca',NULL,NULL,61,0,'2','2024-03-26 11:22:34','2024-03-26 11:22:34'),('035b33e5-d180-4a2f-86d7-5db771be4e5a','Drip (feat. Migos)','61094e76-7ce6-4ec5-bc45-5221c3fa3d0a','0573eb45-2eaa-4e25-ae97-1d71bce524ba',NULL,NULL,57,0,'2','2024-03-26 13:36:32','2024-03-26 13:36:32'),('04135e3f-2c8d-4080-b5b5-c5b9e06e986c','Less Than Zero','e68aeb9d-321d-4130-b30a-07407e590e96','1dec1cc6-12d3-4af1-a381-6cf206bbb1a3',NULL,NULL,54,0,'22','2024-03-26 13:35:05','2024-03-26 13:35:05'),('04ad0e02-69c2-49ca-bb8d-fa8f26ce174e','Super Freaky Girl','a2ecfb25-9e41-4f3f-b87c-1a31a0ff8e62','c9e484d7-8c66-49ca-8844-0ed82fcfb3e6',NULL,NULL,60,0,'16','2024-03-26 13:36:24','2024-03-26 13:36:24'),('04cbec3f-97b4-4885-8623-b3dfe453a3ea','You','535d5e02-dced-43fa-8ecd-8eda062b40f0','d9381e52-0860-4b61-a25b-d11da8f2403f',NULL,NULL,63,0,'6','2024-03-26 13:36:57','2024-03-26 13:36:57'),('04d595dc-97c6-4ae5-9c3d-79688555a1db','A Sweeter Place (feat. Kid Cudi)','83cbb6db-7f25-4600-83bd-de4292b9a98f','21200740-1934-4101-b70c-c4c39c6d1c56',NULL,NULL,48,0,'13','2024-03-26 10:53:21','2024-03-26 10:53:21'),('059c2094-9164-403b-b3fd-5228ae8109c5','ALIEN SUPERSTAR','46694634-d777-40f0-9341-6f59e2d04964','0c3f8515-ba2c-4da1-825d-8930ed6d6350',NULL,NULL,73,0,'3','2024-03-26 13:12:38','2024-03-26 13:12:38'),('06092505-31f9-4d95-a282-4c84d1feb430','BREAK MY SOUL','1c62a5e6-13f7-4dad-aa8b-926f9668a66b','7ae4e737-5fc4-4861-9c9a-effa8ebf7b69',NULL,NULL,74,0,'6','2024-03-26 13:35:46','2024-03-26 13:35:46'),('06a53d2c-d8a3-469e-9dc9-609cbcd752ef','Tornado Warnings','02a74551-8ea4-4f07-b311-edcf5a4ff264','1b772651-7b8d-43bb-82f8-1f952ce173ca',NULL,NULL,60,0,'4','2024-03-26 11:23:21','2024-03-26 11:23:21'),('075accc7-92fb-4d20-8b97-e563f6eba042','pretty isn’t pretty','4540a49d-608d-4872-a320-48a2ae7ed336','36d44fdc-cfb9-4a42-a8ab-90cfee34e4c4',NULL,NULL,60,0,'11','2024-03-26 11:19:32','2024-03-26 11:19:32'),('0771ac0e-c18e-4a46-ac78-4dcda6d8572d','Bad Blood (Taylor\'s Version)','90d134d9-13c0-4b25-aaba-bba70e1b2828','428dff10-d167-41d0-bf37-b1890f1edb51',NULL,NULL,65,0,'8','2024-03-26 11:13:55','2024-03-26 11:13:55'),('0a497979-726e-4182-b962-68409b8b26a3','Already Over','02a74551-8ea4-4f07-b311-edcf5a4ff264','1b772651-7b8d-43bb-82f8-1f952ce173ca',NULL,NULL,60,0,'6','2024-03-26 11:23:47','2024-03-26 11:23:47'),('0bd43d1e-7125-4988-b49d-6356fee124dc','things i wish you said','02a74551-8ea4-4f07-b311-edcf5a4ff264','1b772651-7b8d-43bb-82f8-1f952ce173ca',NULL,NULL,65,0,'17','2024-03-26 11:25:10','2024-03-26 11:25:10'),('0c4b751d-5be2-44b3-b64a-3c73b54b9f8b','Lose You To Love Me','83cbb6db-7f25-4600-83bd-de4292b9a98f','21200740-1934-4101-b70c-c4c39c6d1c56',NULL,NULL,80,0,'4','2024-03-26 10:53:13','2024-03-26 10:53:13'),('0ce4a6a4-6e3c-442b-9502-891481fb8a12','IDGAF','b562a9e4-d1d5-46e0-bdbf-927f55c9c153','544ab7f1-dd56-4945-8e46-2e8982f7bb85',NULL,NULL,80,0,'5','2024-03-26 10:52:55','2024-03-26 10:52:55'),('0f7e766d-4f78-441e-b92d-cda4bcf9a1e0','No Goodbyes','b562a9e4-d1d5-46e0-bdbf-927f55c9c153','544ab7f1-dd56-4945-8e46-2e8982f7bb85',NULL,NULL,58,0,'8','2024-03-26 10:52:58','2024-03-26 10:52:58'),('11be88c0-2402-47dc-baaa-7ac413692bf7','so american','4540a49d-608d-4872-a320-48a2ae7ed336','36d44fdc-cfb9-4a42-a8ab-90cfee34e4c4',NULL,NULL,75,0,'17','2024-03-26 11:20:08','2024-03-26 11:20:08'),('11c654de-11ab-4d54-8154-a6db98759e9d','Bad Together','b562a9e4-d1d5-46e0-bdbf-927f55c9c153','544ab7f1-dd56-4945-8e46-2e8982f7bb85',NULL,NULL,47,0,'16','2024-03-26 10:53:06','2024-03-26 10:53:06'),('12fc4ea6-215b-44d0-aa72-13b3c873e40a','Liar','9a403fd9-cfb3-4770-b622-7e153a738902','48635131-8be1-4461-8421-39c747d8d88b',NULL,NULL,64,0,'6','2024-03-26 10:52:42','2024-03-26 10:52:42'),('1579a577-70b8-451d-806b-c2b9cc79657d','Thru Your Phone','61094e76-7ce6-4ec5-bc45-5221c3fa3d0a','0573eb45-2eaa-4e25-ae97-1d71bce524ba',NULL,NULL,70,0,'12','2024-03-26 13:36:42','2024-03-26 13:36:42'),('172aad63-33af-486e-b3cd-34b505f90955','Bickenhead','61094e76-7ce6-4ec5-bc45-5221c3fa3d0a','0573eb45-2eaa-4e25-ae97-1d71bce524ba',NULL,NULL,51,0,'3','2024-03-26 13:36:33','2024-03-26 13:36:33'),('17408116-ee54-4351-a099-c0ed2c3a6392','All You Had To Do Was Stay (Taylor\'s Version)','90d134d9-13c0-4b25-aaba-bba70e1b2828','428dff10-d167-41d0-bf37-b1890f1edb51',NULL,NULL,66,0,'5','2024-03-26 11:13:50','2024-03-26 11:13:50'),('17ff1279-b548-4bbb-85f1-0997dbb6e55a','You Need To Calm Down','87c91785-983c-416d-b1ee-7eab1fe67849','6761e63b-72e9-4dfc-b922-fe204ec10d8d',NULL,NULL,83,0,'14','2024-03-26 11:16:17','2024-03-26 11:16:17'),('1a455e27-a60e-40f3-bad2-ca997f5938ce','Red Ruby Da Sleeze','a2ecfb25-9e41-4f3f-b87c-1a31a0ff8e62','c9e484d7-8c66-49ca-8844-0ed82fcfb3e6',NULL,NULL,66,0,'13','2024-03-26 13:36:22','2024-03-26 13:36:22'),('1c8e545d-21e2-4321-85fc-f36979ea7419','1 step forward, 3 steps back','bff29b9b-8040-48dd-b377-e40b075672f1','e44e9c65-d4d2-4d43-ba37-cbe346f1b085',NULL,NULL,80,0,'4','2024-03-26 11:20:41','2024-03-26 11:20:41'),('1d48060a-c8f4-4896-852f-76531b6aa5fe','Look At Her Now','83cbb6db-7f25-4600-83bd-de4292b9a98f','21200740-1934-4101-b70c-c4c39c6d1c56',NULL,NULL,62,0,'3','2024-03-26 10:53:10','2024-03-26 10:53:10'),('1d4ea9b7-5efb-4972-bd3a-04d24b1d4697','Daylight','87c91785-983c-416d-b1ee-7eab1fe67849','6761e63b-72e9-4dfc-b922-fe204ec10d8d',NULL,NULL,82,0,'18','2024-03-26 11:17:19','2024-03-26 11:17:19'),('1d517261-6281-4236-801a-a7c7c7888d3a','Stargirl Interlude (feat. Lana Del Rey)','e68aeb9d-321d-4130-b30a-07407e590e96','1dec1cc6-12d3-4af1-a381-6cf206bbb1a3',NULL,NULL,52,0,'25','2024-03-26 13:35:08','2024-03-26 13:35:08'),('1d63f656-0ff9-4c7e-a663-1483bb86d3a4','Nonsense','02a74551-8ea4-4f07-b311-edcf5a4ff264','1b772651-7b8d-43bb-82f8-1f952ce173ca',NULL,NULL,62,0,'9','2024-03-26 11:24:07','2024-03-26 11:24:07'),('1e039493-e6bb-4b1e-9711-50fd14f7310b','Soon You’ll Get Better (feat. The Chicks)','87c91785-983c-416d-b1ee-7eab1fe67849','6761e63b-72e9-4dfc-b922-fe204ec10d8d',NULL,NULL,70,0,'12','2024-03-26 11:16:06','2024-03-26 11:16:06'),('1e7d3302-ea84-419f-a3be-355e5f2cac4e','This Love','9a403fd9-cfb3-4770-b622-7e153a738902','48635131-8be1-4461-8421-39c747d8d88b',NULL,NULL,55,0,'12','2024-03-26 10:52:46','2024-03-26 10:52:46'),('1f38cc4f-53c0-45de-97dd-16c87e3275e7','Just The Memories','a2ecfb25-9e41-4f3f-b87c-1a31a0ff8e62','c9e484d7-8c66-49ca-8844-0ed82fcfb3e6',NULL,NULL,57,0,'22','2024-03-26 13:36:29','2024-03-26 13:36:29'),('1feeadc0-a76f-4068-a11a-40a8a67971e7','we can\'t be friends (wait for your love)','7f86246f-7af4-48dd-8dba-4a6bf67ac148','1501537b-f07d-4b23-b12a-eb671caf9999',NULL,NULL,79,0,'10','2024-03-26 13:35:30','2024-03-26 13:35:30'),('20889cbe-94b7-43b0-9d47-74712d35b70f','emails i can’t send','02a74551-8ea4-4f07-b311-edcf5a4ff264','1b772651-7b8d-43bb-82f8-1f952ce173ca',NULL,NULL,60,0,'1','2024-03-26 11:22:04','2024-03-26 11:22:04'),('20ac01cc-f741-4779-a9ba-115f654eb861','COZY','46694634-d777-40f0-9341-6f59e2d04964','0c3f8515-ba2c-4da1-825d-8930ed6d6350',NULL,NULL,70,0,'2','2024-03-26 13:12:36','2024-03-26 13:12:36'),('21e60110-2b84-4966-99a9-db39f0a6c5c0','yes, and? (with Mariah Carey) - Remix','7f86246f-7af4-48dd-8dba-4a6bf67ac148','1501537b-f07d-4b23-b12a-eb671caf9999',NULL,NULL,69,0,'17','2024-03-26 13:35:39','2024-03-26 13:35:39'),('2366b09d-a67f-4157-bce4-3281ec48e857','Room for 2','b562a9e4-d1d5-46e0-bdbf-927f55c9c153','544ab7f1-dd56-4945-8e46-2e8982f7bb85',NULL,NULL,45,0,'14','2024-03-26 10:53:05','2024-03-26 10:53:05'),('241017ca-9348-4bbf-ab0e-5ebc4e7d4ad9','eternal sunshine','7f86246f-7af4-48dd-8dba-4a6bf67ac148','1501537b-f07d-4b23-b12a-eb671caf9999',NULL,NULL,75,0,'5','2024-03-26 13:35:26','2024-03-26 13:35:26'),('25815bf9-9513-4b3a-a81f-199d80891733','The Man','87c91785-983c-416d-b1ee-7eab1fe67849','6761e63b-72e9-4dfc-b922-fe204ec10d8d',NULL,NULL,85,0,'4','2024-03-26 11:15:03','2024-03-26 11:15:03'),('25c8b903-762d-4974-96fb-67fa8cd9e99b','First Man','9a403fd9-cfb3-4770-b622-7e153a738902','48635131-8be1-4461-8421-39c747d8d88b',NULL,NULL,59,0,'14','2024-03-26 10:52:47','2024-03-26 10:52:47'),('25d32e41-c72b-48c8-802e-ba3cc95bce87','Bad Blood (feat. Kendrick Lamar) (Taylor\'s Version)','90d134d9-13c0-4b25-aaba-bba70e1b2828','428dff10-d167-41d0-bf37-b1890f1edb51',NULL,NULL,75,0,'22','2024-03-26 11:14:34','2024-03-26 11:14:34'),('2787021c-11d1-41dc-9e29-59696c40df85','Moth To A Flame (with The Weeknd)','e68aeb9d-321d-4130-b30a-07407e590e96','1dec1cc6-12d3-4af1-a381-6cf206bbb1a3',NULL,NULL,54,0,'33','2024-03-26 13:35:15','2024-03-26 13:35:15'),('2859e105-61ab-44b8-bdb4-c4b4add86d8e','COZY','1c62a5e6-13f7-4dad-aa8b-926f9668a66b','7ae4e737-5fc4-4861-9c9a-effa8ebf7b69',NULL,NULL,70,0,'2','2024-03-26 13:35:42','2024-03-26 13:35:42'),('2921d8f5-2265-46da-a74a-1d4a232d68a6','Ring','83cbb6db-7f25-4600-83bd-de4292b9a98f','21200740-1934-4101-b70c-c4c39c6d1c56',NULL,NULL,59,0,'5','2024-03-26 10:53:13','2024-03-26 10:53:13'),('29dce4b9-9655-44d9-b412-578bbddb891a','skinny dipping','02a74551-8ea4-4f07-b311-edcf5a4ff264','1b772651-7b8d-43bb-82f8-1f952ce173ca',NULL,NULL,57,0,'11','2024-03-26 11:24:16','2024-03-26 11:24:16'),('2b1f0a49-2c59-4e7d-8058-ad68e32b3306','Nicki Hendrix (feat. Future)','a2ecfb25-9e41-4f3f-b87c-1a31a0ff8e62','c9e484d7-8c66-49ca-8844-0ed82fcfb3e6',NULL,NULL,59,0,'19','2024-03-26 13:36:27','2024-03-26 13:36:27'),('2c253233-c264-42ec-96a0-eafbcd8379cc','Billie Bossa Nova','87866261-cd0b-483d-92c5-25ea013766bf','1150d75d-18e1-4a20-af72-fed3fafb0a5a',NULL,NULL,79,0,'3','2024-03-26 13:35:58','2024-03-26 13:35:58'),('2d54751b-7887-4a25-b713-0822d58ea26b','Beep Beep','a2ecfb25-9e41-4f3f-b87c-1a31a0ff8e62','c9e484d7-8c66-49ca-8844-0ed82fcfb3e6',NULL,NULL,68,0,'4','2024-03-26 13:36:15','2024-03-26 13:36:15'),('2d9334ac-f3d5-4326-993a-00e085f574dc','supernatural','7f86246f-7af4-48dd-8dba-4a6bf67ac148','1501537b-f07d-4b23-b12a-eb671caf9999',NULL,NULL,74,0,'6','2024-03-26 13:35:26','2024-03-26 13:35:26'),('2e1664e5-fc19-43ff-ada9-1f264316023e','Flowers','535d5e02-dced-43fa-8ecd-8eda062b40f0','d9381e52-0860-4b61-a25b-d11da8f2403f',NULL,NULL,92,0,'1','2024-03-26 13:36:51','2024-03-26 13:36:51'),('30bd3242-fb9b-45ec-b95c-02f0c5af88fc','Used To Be Young','535d5e02-dced-43fa-8ecd-8eda062b40f0','d9381e52-0860-4b61-a25b-d11da8f2403f',NULL,NULL,81,0,'4','2024-03-26 13:36:55','2024-03-26 13:36:55'),('313c7515-0c69-4acc-96ba-526194b6dcae','Fallin 4 U','a2ecfb25-9e41-4f3f-b87c-1a31a0ff8e62','c9e484d7-8c66-49ca-8844-0ed82fcfb3e6',NULL,NULL,64,0,'5','2024-03-26 13:36:16','2024-03-26 13:36:16'),('354a32d6-d524-4bed-940a-15aef98bedbe','Blessings (feat. Tasha Cobbs Leonard)','a2ecfb25-9e41-4f3f-b87c-1a31a0ff8e62','c9e484d7-8c66-49ca-8844-0ed82fcfb3e6',NULL,NULL,57,0,'20','2024-03-26 13:36:28','2024-03-26 13:36:28'),('36515e8e-f7b1-4f0a-b61d-7fbd1db2d989','The Hills','e68aeb9d-321d-4130-b30a-07407e590e96','1dec1cc6-12d3-4af1-a381-6cf206bbb1a3',NULL,NULL,58,0,'11','2024-03-26 13:34:57','2024-03-26 13:34:57'),('3813d3a9-373a-47cd-8335-abb7c9ec133d','Lonesome','02a74551-8ea4-4f07-b311-edcf5a4ff264','1b772651-7b8d-43bb-82f8-1f952ce173ca',NULL,NULL,62,0,'16','2024-03-26 11:25:08','2024-03-26 11:25:08'),('3a5388fe-3ade-4721-b3d7-aac31e82f8c1','River','535d5e02-dced-43fa-8ecd-8eda062b40f0','d9381e52-0860-4b61-a25b-d11da8f2403f',NULL,NULL,69,0,'8','2024-03-26 13:36:59','2024-03-26 13:36:59'),('3ab0a18c-540e-48c9-aecb-cb3db4295375','Last Time I Saw You','a2ecfb25-9e41-4f3f-b87c-1a31a0ff8e62','c9e484d7-8c66-49ca-8844-0ed82fcfb3e6',NULL,NULL,58,0,'21','2024-03-26 13:36:28','2024-03-26 13:36:28'),('3c2528c9-4767-4556-bc0f-34586eb6a8d8','Muddy Feet (feat. Sia)','535d5e02-dced-43fa-8ecd-8eda062b40f0','d9381e52-0860-4b61-a25b-d11da8f2403f',NULL,NULL,61,0,'10','2024-03-26 13:37:01','2024-03-26 13:37:01'),('3c788910-f3c2-4fcd-a615-8a63d0149dd5','Oxytocin','87866261-cd0b-483d-92c5-25ea013766bf','1150d75d-18e1-4a20-af72-fed3fafb0a5a',NULL,NULL,69,0,'5','2024-03-26 13:36:00','2024-03-26 13:36:00'),('3cad6d74-7944-4556-b9b6-670a0c593338','The Morning','e68aeb9d-321d-4130-b30a-07407e590e96','1dec1cc6-12d3-4af1-a381-6cf206bbb1a3',NULL,NULL,56,0,'12','2024-03-26 13:34:58','2024-03-26 13:34:58'),('3e60b87c-3c3a-4934-9389-b0a78e38556a','deja vu','bff29b9b-8040-48dd-b377-e40b075672f1','e44e9c65-d4d2-4d43-ba37-cbe346f1b085',NULL,NULL,86,0,'5','2024-03-26 11:21:01','2024-03-26 11:21:01'),('3f74e709-0213-40bc-8b26-691e40e03315','Kinda Crazy','83cbb6db-7f25-4600-83bd-de4292b9a98f','21200740-1934-4101-b70c-c4c39c6d1c56',NULL,NULL,47,0,'10','2024-03-26 10:53:18','2024-03-26 10:53:18'),('3f87168c-cc5a-43dc-baec-bcfd73cd071d','Dreams','b562a9e4-d1d5-46e0-bdbf-927f55c9c153','544ab7f1-dd56-4945-8e46-2e8982f7bb85',NULL,NULL,46,0,'13','2024-03-26 10:53:04','2024-03-26 10:53:04'),('40ddf87e-e7d9-4a56-bba2-a2c9f089f74f','bad idea right?','4540a49d-608d-4872-a320-48a2ae7ed336','36d44fdc-cfb9-4a42-a8ab-90cfee34e4c4',NULL,NULL,64,0,'2','2024-03-26 11:18:36','2024-03-26 11:18:36'),('410c366b-3fef-456b-860c-80691188fd2a','i wish i hated you','7f86246f-7af4-48dd-8dba-4a6bf67ac148','1501537b-f07d-4b23-b12a-eb671caf9999',NULL,NULL,74,0,'11','2024-03-26 13:35:31','2024-03-26 13:35:31'),('41ef84d9-19e1-41d2-9e2d-5911cdbe3a6e','how many things','02a74551-8ea4-4f07-b311-edcf5a4ff264','1b772651-7b8d-43bb-82f8-1f952ce173ca',NULL,NULL,58,0,'7','2024-03-26 11:23:51','2024-03-26 11:23:51'),('42505e5a-98b3-4fca-b749-b666f8a6ca85','Be Careful','61094e76-7ce6-4ec5-bc45-5221c3fa3d0a','0573eb45-2eaa-4e25-ae97-1d71bce524ba',NULL,NULL,69,0,'5','2024-03-26 13:36:34','2024-03-26 13:36:34'),('42f78c56-89cd-4ecd-85c5-62a6aa1eed4d','In The Night','e68aeb9d-321d-4130-b30a-07407e590e96','1dec1cc6-12d3-4af1-a381-6cf206bbb1a3',NULL,NULL,53,0,'30','2024-03-26 13:35:13','2024-03-26 13:35:13'),('44063876-c721-4387-89c9-16c2e453e25f','Money Bag','61094e76-7ce6-4ec5-bc45-5221c3fa3d0a','0573eb45-2eaa-4e25-ae97-1d71bce524ba',NULL,NULL,52,0,'9','2024-03-26 13:36:38','2024-03-26 13:36:38'),('44f2d291-5b0d-48f6-97b0-5215fb3b350c','Crowded Room (feat. 6LACK)','83cbb6db-7f25-4600-83bd-de4292b9a98f','21200740-1934-4101-b70c-c4c39c6d1c56',NULL,NULL,52,0,'9','2024-03-26 10:53:17','2024-03-26 10:53:17'),('453da316-ef7c-43b2-a8b3-832b7d8288cd','Garden','b562a9e4-d1d5-46e0-bdbf-927f55c9c153','544ab7f1-dd56-4945-8e46-2e8982f7bb85',NULL,NULL,48,0,'7','2024-03-26 10:52:58','2024-03-26 10:52:58'),('46878451-0924-443f-932d-5ca6c0c5d5cd','Wildest Dreams (Taylor\'s Version)','90d134d9-13c0-4b25-aaba-bba70e1b2828','428dff10-d167-41d0-bf37-b1890f1edb51',NULL,NULL,66,0,'9','2024-03-26 11:13:58','2024-03-26 11:13:58'),('46c4e477-c642-4643-ada9-fa2c12d4ebbc','Cornelia Street','87c91785-983c-416d-b1ee-7eab1fe67849','6761e63b-72e9-4dfc-b922-fe204ec10d8d',NULL,NULL,78,0,'9','2024-03-26 11:15:47','2024-03-26 11:15:47'),('4924d724-7cd4-4575-a06c-15220e80e35c','Bad Kind of Butterflies','9a403fd9-cfb3-4770-b622-7e153a738902','48635131-8be1-4461-8421-39c747d8d88b',NULL,NULL,52,0,'7','2024-03-26 10:52:43','2024-03-26 10:52:43'),('49f61a4d-f5e1-413e-b5c5-21f4eb8374f9','Rose Colored Lenses','535d5e02-dced-43fa-8ecd-8eda062b40f0','d9381e52-0860-4b61-a25b-d11da8f2403f',NULL,NULL,66,0,'3','2024-03-26 13:36:54','2024-03-26 13:36:54'),('4a57ad5f-b3f9-4649-85fe-14977086df91','CUFF IT','1c62a5e6-13f7-4dad-aa8b-926f9668a66b','7ae4e737-5fc4-4861-9c9a-effa8ebf7b69',NULL,NULL,82,0,'4','2024-03-26 13:35:43','2024-03-26 13:35:43'),('4a98c92d-e6f8-4ea6-8273-edcb1c5e665c','Genesis','b562a9e4-d1d5-46e0-bdbf-927f55c9c153','544ab7f1-dd56-4945-8e46-2e8982f7bb85',NULL,NULL,58,0,'1','2024-03-26 10:52:50','2024-03-26 10:52:50'),('4c123e2e-fb85-4dd4-8be8-2fd36c9e9c6b','Take My Breath','e68aeb9d-321d-4130-b30a-07407e590e96','1dec1cc6-12d3-4af1-a381-6cf206bbb1a3',NULL,NULL,52,0,'32','2024-03-26 13:35:14','2024-03-26 13:35:14'),('4ccb6288-5a87-4f7f-a2b6-adb717ad35a8','Island','535d5e02-dced-43fa-8ecd-8eda062b40f0','d9381e52-0860-4b61-a25b-d11da8f2403f',NULL,NULL,63,0,'12','2024-03-26 13:37:03','2024-03-26 13:37:03'),('4cf98d46-8144-4109-aad7-2cfb1985ab70','New Love','b562a9e4-d1d5-46e0-bdbf-927f55c9c153','544ab7f1-dd56-4945-8e46-2e8982f7bb85',NULL,NULL,46,0,'15','2024-03-26 10:53:06','2024-03-26 10:53:06'),('4d1cf999-da3a-41e9-af56-8003de684ff6','Hotter Than Hell','b562a9e4-d1d5-46e0-bdbf-927f55c9c153','544ab7f1-dd56-4945-8e46-2e8982f7bb85',NULL,NULL,68,0,'3','2024-03-26 10:52:52','2024-03-26 10:52:52'),('4da12fa1-7e44-4a31-a085-c087b597fab6','Afterglow','87c91785-983c-416d-b1ee-7eab1fe67849','6761e63b-72e9-4dfc-b922-fe204ec10d8d',NULL,NULL,79,0,'15','2024-03-26 11:16:25','2024-03-26 11:16:25'),('4e281f88-7561-4ba8-973d-f179ea215887','Welcome To New York (Taylor\'s Version)','90d134d9-13c0-4b25-aaba-bba70e1b2828','428dff10-d167-41d0-bf37-b1890f1edb51',NULL,NULL,67,0,'1','2024-03-26 11:13:44','2024-03-26 11:13:44'),('4ec5b59b-3281-42fa-af1b-857e3e9ee28d','making the bed','4540a49d-608d-4872-a320-48a2ae7ed336','36d44fdc-cfb9-4a42-a8ab-90cfee34e4c4',NULL,NULL,61,0,'6','2024-03-26 11:18:59','2024-03-26 11:18:59'),('4f770852-028a-45ac-8167-59b671655aed','the grudge','4540a49d-608d-4872-a320-48a2ae7ed336','36d44fdc-cfb9-4a42-a8ab-90cfee34e4c4',NULL,NULL,60,0,'10','2024-03-26 11:19:16','2024-03-26 11:19:16'),('504ac27d-bd20-4ea6-a805-bbabc1b112c9','Vulnerable','83cbb6db-7f25-4600-83bd-de4292b9a98f','21200740-1934-4101-b70c-c4c39c6d1c56',NULL,NULL,53,0,'6','2024-03-26 10:53:15','2024-03-26 10:53:15'),('508252aa-60ba-4b74-a2c9-9650794b9779','NDA','87866261-cd0b-483d-92c5-25ea013766bf','1150d75d-18e1-4a20-af72-fed3fafb0a5a',NULL,NULL,74,0,'13','2024-03-26 13:36:08','2024-03-26 13:36:08'),('50d90a22-b93f-42c9-a8c4-abe33fd289da','Party Monster','e68aeb9d-321d-4130-b30a-07407e590e96','1dec1cc6-12d3-4af1-a381-6cf206bbb1a3',NULL,NULL,54,0,'24','2024-03-26 13:35:07','2024-03-26 13:35:07'),('531dcfa2-a20a-4e05-8ee9-8167bc7f192e','Thinking \'Bout You','b562a9e4-d1d5-46e0-bdbf-927f55c9c153','544ab7f1-dd56-4945-8e46-2e8982f7bb85',NULL,NULL,50,0,'9','2024-03-26 10:52:59','2024-03-26 10:52:59'),('549213b1-3bbd-4c77-b477-bb0a94bec8ec','Forward From Trini (feat. Skillibeng & Skeng)','a2ecfb25-9e41-4f3f-b87c-1a31a0ff8e62','c9e484d7-8c66-49ca-8844-0ed82fcfb3e6',NULL,NULL,60,0,'14','2024-03-26 13:36:23','2024-03-26 13:36:23'),('54cd4ef9-fe15-49b5-bd3a-30c284adf297','ballad of a homeschooled girl','4540a49d-608d-4872-a320-48a2ae7ed336','36d44fdc-cfb9-4a42-a8ab-90cfee34e4c4',NULL,NULL,62,0,'5','2024-03-26 11:18:57','2024-03-26 11:18:57'),('5589ef5d-0c82-4d49-abdb-a43386b622d7','Big Difference','a2ecfb25-9e41-4f3f-b87c-1a31a0ff8e62','c9e484d7-8c66-49ca-8844-0ed82fcfb3e6',NULL,NULL,66,0,'12','2024-03-26 13:36:21','2024-03-26 13:36:21'),('562a0378-6f26-43b9-85e1-9295f3ea18de','Barbie Dangerous','a2ecfb25-9e41-4f3f-b87c-1a31a0ff8e62','c9e484d7-8c66-49ca-8844-0ed82fcfb3e6',NULL,NULL,66,0,'2','2024-03-26 13:36:13','2024-03-26 13:36:13'),('57c790ce-dbd0-4fc7-a7c9-86632e5251e8','happier','bff29b9b-8040-48dd-b377-e40b075672f1','e44e9c65-d4d2-4d43-ba37-cbe346f1b085',NULL,NULL,85,0,'8','2024-03-26 11:21:17','2024-03-26 11:21:17'),('5aab899d-785a-4217-acba-0d801c5dd4f2','imperfect for you - acoustic','7f86246f-7af4-48dd-8dba-4a6bf67ac148','1501537b-f07d-4b23-b12a-eb671caf9999',NULL,NULL,72,0,'15','2024-03-26 13:35:37','2024-03-26 13:35:37'),('5ac0be5a-6e2d-4d7a-a990-69b36bdf72a3','Get Up 10','61094e76-7ce6-4ec5-bc45-5221c3fa3d0a','0573eb45-2eaa-4e25-ae97-1d71bce524ba',NULL,NULL,56,0,'1','2024-03-26 13:36:31','2024-03-26 13:36:31'),('5b12802e-eda8-4996-8d77-793db172ff87','I Forgot That You Existed','87c91785-983c-416d-b1ee-7eab1fe67849','6761e63b-72e9-4dfc-b922-fe204ec10d8d',NULL,NULL,75,0,'1','2024-03-26 11:14:48','2024-03-26 11:14:48'),('5c8024ce-11ba-4705-89a9-0b72c0d4f646','Now That We Don\'t Talk (Taylor\'s Version) (From The Vault)','90d134d9-13c0-4b25-aaba-bba70e1b2828','428dff10-d167-41d0-bf37-b1890f1edb51',NULL,NULL,70,0,'19','2024-03-26 11:14:22','2024-03-26 11:14:22'),('5cbae402-31b2-4c91-9077-3826b35547b7','Bodak Yellow','61094e76-7ce6-4ec5-bc45-5221c3fa3d0a','0573eb45-2eaa-4e25-ae97-1d71bce524ba',NULL,NULL,71,0,'4','2024-03-26 13:36:33','2024-03-26 13:36:33'),('5d2b39f6-673d-494c-9780-8400f94c565c','Happier Than Ever','87866261-cd0b-483d-92c5-25ea013766bf','1150d75d-18e1-4a20-af72-fed3fafb0a5a',NULL,NULL,84,0,'15','2024-03-26 13:36:09','2024-03-26 13:36:09'),('5dbbcc0d-c818-4649-beef-aa8b4143c6ea','Clean (Taylor\'s Version)','90d134d9-13c0-4b25-aaba-bba70e1b2828','428dff10-d167-41d0-bf37-b1890f1edb51',NULL,NULL,66,0,'13','2024-03-26 11:14:02','2024-03-26 11:14:02'),('5ea6e1d4-63d8-44ab-b4e0-cda9c32900ab','Getting Older','87866261-cd0b-483d-92c5-25ea013766bf','1150d75d-18e1-4a20-af72-fed3fafb0a5a',NULL,NULL,71,0,'1','2024-03-26 13:35:56','2024-03-26 13:35:56'),('611460c4-369b-47b9-8db2-1f4b81fe687b','Miss Americana & The Heartbreak Prince','87c91785-983c-416d-b1ee-7eab1fe67849','6761e63b-72e9-4dfc-b922-fe204ec10d8d',NULL,NULL,82,0,'7','2024-03-26 11:15:42','2024-03-26 11:15:42'),('621430f9-e9b8-48c0-a9da-13f4aca9b5c4','Everybody Dies','87866261-cd0b-483d-92c5-25ea013766bf','1150d75d-18e1-4a20-af72-fed3fafb0a5a',NULL,NULL,69,0,'11','2024-03-26 13:36:06','2024-03-26 13:36:06'),('629bb213-fee7-4f68-95c2-4972be5487b6','Bad for Business','02a74551-8ea4-4f07-b311-edcf5a4ff264','1b772651-7b8d-43bb-82f8-1f952ce173ca',NULL,NULL,58,0,'12','2024-03-26 11:24:20','2024-03-26 11:24:20'),('62b69aaa-96a8-4d7f-b1b9-e27f5b453a75','PLASTIC OFF THE SOFA','1c62a5e6-13f7-4dad-aa8b-926f9668a66b','7ae4e737-5fc4-4861-9c9a-effa8ebf7b69',NULL,NULL,66,0,'8','2024-03-26 13:35:47','2024-03-26 13:35:47'),('62d54aa7-ecba-4d7c-9156-f7e5c6675bc1','vampire','4540a49d-608d-4872-a320-48a2ae7ed336','36d44fdc-cfb9-4a42-a8ab-90cfee34e4c4',NULL,NULL,62,0,'3','2024-03-26 11:18:40','2024-03-26 11:18:40'),('62e56351-040c-422f-92e0-b7897a7d43ac','Flowers (Demo)','535d5e02-dced-43fa-8ecd-8eda062b40f0','d9381e52-0860-4b61-a25b-d11da8f2403f',NULL,NULL,59,0,'14','2024-03-26 13:37:04','2024-03-26 13:37:04'),('63291f83-0dd3-4d0f-9fa8-a0b96bb78e06','bet u wanna','02a74551-8ea4-4f07-b311-edcf5a4ff264','1b772651-7b8d-43bb-82f8-1f952ce173ca',NULL,NULL,59,0,'8','2024-03-26 11:23:56','2024-03-26 11:23:56'),('639cf60c-5288-40d4-84eb-e436610ec693','brutal','bff29b9b-8040-48dd-b377-e40b075672f1','e44e9c65-d4d2-4d43-ba37-cbe346f1b085',NULL,NULL,80,0,'1','2024-03-26 11:20:23','2024-03-26 11:20:23'),('64a53d81-3030-418e-9273-13d3811a84ac','Blow Your Mind (Mwah)','b562a9e4-d1d5-46e0-bdbf-927f55c9c153','544ab7f1-dd56-4945-8e46-2e8982f7bb85',NULL,NULL,66,0,'6','2024-03-26 10:52:57','2024-03-26 10:52:57'),('6868187e-c7bc-4198-93a3-2b6400c1d672','scared of my guitar','4540a49d-608d-4872-a320-48a2ae7ed336','36d44fdc-cfb9-4a42-a8ab-90cfee34e4c4',NULL,NULL,72,0,'15','2024-03-26 11:20:00','2024-03-26 11:20:00'),('694d0f8b-5a2a-4a71-9a83-837a0e639bfa','Easy','9a403fd9-cfb3-4770-b622-7e153a738902','48635131-8be1-4461-8421-39c747d8d88b',NULL,NULL,54,0,'8','2024-03-26 10:52:43','2024-03-26 10:52:43'),('6e787910-91bf-41c4-a555-447456afb6a4','Señorita','9a403fd9-cfb3-4770-b622-7e153a738902','48635131-8be1-4461-8421-39c747d8d88b',NULL,NULL,50,0,'5','2024-03-26 10:52:40','2024-03-26 10:52:40'),('6ecb05f7-fccd-4560-a042-62a7d390c7d6','Let Me Get Me','83cbb6db-7f25-4600-83bd-de4292b9a98f','21200740-1934-4101-b70c-c4c39c6d1c56',NULL,NULL,55,0,'8','2024-03-26 10:53:16','2024-03-26 10:53:16'),('6f3f7149-f175-428a-8bfd-0d41cb7fc976','Bartier Cardi (feat. 21 Savage)','61094e76-7ce6-4ec5-bc45-5221c3fa3d0a','0573eb45-2eaa-4e25-ae97-1d71bce524ba',NULL,NULL,62,0,'10','2024-03-26 13:36:39','2024-03-26 13:36:39'),('6fa745fc-2215-4d03-ba4e-884ea1d2a39e','I\'M THAT GIRL','46694634-d777-40f0-9341-6f59e2d04964','0c3f8515-ba2c-4da1-825d-8930ed6d6350',NULL,NULL,70,0,'1','2024-03-26 13:12:35','2024-03-26 13:12:35'),('72a6cee2-de2b-4585-9e3b-5e7039f14a1a','jealousy, jealousy','bff29b9b-8040-48dd-b377-e40b075672f1','e44e9c65-d4d2-4d43-ba37-cbe346f1b085',NULL,NULL,84,0,'9','2024-03-26 11:21:19','2024-03-26 11:21:19'),('7342b424-a127-4f28-b56a-4cc71df0c132','Is There Someone Else?','e68aeb9d-321d-4130-b30a-07407e590e96','1dec1cc6-12d3-4af1-a381-6cf206bbb1a3',NULL,NULL,56,0,'23','2024-03-26 13:35:06','2024-03-26 13:35:06'),('73d227c1-a641-41ff-9df3-2cea3cd41755','High For This','e68aeb9d-321d-4130-b30a-07407e590e96','1dec1cc6-12d3-4af1-a381-6cf206bbb1a3',NULL,NULL,51,0,'36','2024-03-26 13:35:18','2024-03-26 13:35:18'),('7453f97e-4cf9-4d65-a55d-307b02e20161','King Of The Fall','e68aeb9d-321d-4130-b30a-07407e590e96','1dec1cc6-12d3-4af1-a381-6cf206bbb1a3',NULL,NULL,56,0,'35','2024-03-26 13:35:17','2024-03-26 13:35:17'),('7459d29c-a533-4586-81f6-ea0763f1b0d1','ALL UP IN YOUR MIND','1c62a5e6-13f7-4dad-aa8b-926f9668a66b','7ae4e737-5fc4-4861-9c9a-effa8ebf7b69',NULL,NULL,65,0,'13','2024-03-26 13:35:51','2024-03-26 13:35:51'),('74729335-d542-4048-8c47-dfcd9c3f86c9','ENERGY (feat. Beam)','1c62a5e6-13f7-4dad-aa8b-926f9668a66b','7ae4e737-5fc4-4861-9c9a-effa8ebf7b69',NULL,NULL,73,0,'5','2024-03-26 13:35:45','2024-03-26 13:35:45'),('7516ad02-521e-4ea9-98e3-d544fee70737','Sacrifice','e68aeb9d-321d-4130-b30a-07407e590e96','1dec1cc6-12d3-4af1-a381-6cf206bbb1a3',NULL,NULL,52,0,'28','2024-03-26 13:35:11','2024-03-26 13:35:11'),('7578c313-68df-4744-bbb5-c4b52d75eef6','Lover','87c91785-983c-416d-b1ee-7eab1fe67849','6761e63b-72e9-4dfc-b922-fe204ec10d8d',NULL,NULL,91,0,'3','2024-03-26 11:14:54','2024-03-26 11:14:54'),('76da8e64-91c4-4a8d-afb6-d94b8d147314','After Hours','e68aeb9d-321d-4130-b30a-07407e590e96','1dec1cc6-12d3-4af1-a381-6cf206bbb1a3',NULL,NULL,56,0,'18','2024-03-26 13:35:03','2024-03-26 13:35:03'),('779d03de-b66e-4274-baef-4749ff05827d','Shameless','9a403fd9-cfb3-4770-b622-7e153a738902','48635131-8be1-4461-8421-39c747d8d88b',NULL,NULL,83,0,'1','2024-03-26 10:52:37','2024-03-26 10:52:37'),('77f1bffc-dc88-42f3-b7d4-d1b14cdd2b12','Wicked Games','e68aeb9d-321d-4130-b30a-07407e590e96','1dec1cc6-12d3-4af1-a381-6cf206bbb1a3',NULL,NULL,58,0,'6','2024-03-26 13:34:53','2024-03-26 13:34:53'),('7808c71e-3305-4387-9b6e-82075c729b4d','FTCU','a2ecfb25-9e41-4f3f-b87c-1a31a0ff8e62','c9e484d7-8c66-49ca-8844-0ed82fcfb3e6',NULL,NULL,84,0,'3','2024-03-26 13:36:14','2024-03-26 13:36:14'),('797df5e4-22cf-41c6-bddc-7f6782531233','Acquainted','e68aeb9d-321d-4130-b30a-07407e590e96','1dec1cc6-12d3-4af1-a381-6cf206bbb1a3',NULL,NULL,55,0,'17','2024-03-26 13:35:02','2024-03-26 13:35:02'),('7bef686d-b85a-4b5b-a6f9-555d86551ad7','In Your Eyes','e68aeb9d-321d-4130-b30a-07407e590e96','1dec1cc6-12d3-4af1-a381-6cf206bbb1a3',NULL,NULL,60,0,'5','2024-03-26 13:34:52','2024-03-26 13:34:52'),('7cbe4f3d-9ce8-4e6d-9549-5e1b1a41d435','Everybody (feat. Lil Uzi Vert)','a2ecfb25-9e41-4f3f-b87c-1a31a0ff8e62','c9e484d7-8c66-49ca-8844-0ed82fcfb3e6',NULL,NULL,81,0,'11','2024-03-26 13:36:21','2024-03-26 13:36:21'),('7f4c5702-deb0-43f7-aebb-c9fcec4b04da','My Life','a2ecfb25-9e41-4f3f-b87c-1a31a0ff8e62','c9e484d7-8c66-49ca-8844-0ed82fcfb3e6',NULL,NULL,60,0,'18','2024-03-26 13:36:26','2024-03-26 13:36:26'),('8091127e-aabc-4381-b768-64c37d31efdf','Cut You Off','83cbb6db-7f25-4600-83bd-de4292b9a98f','21200740-1934-4101-b70c-c4c39c6d1c56',NULL,NULL,48,0,'12','2024-03-26 10:53:19','2024-03-26 10:53:19'),('8865f470-932d-455c-8af6-843ed674cc38','CHURCH GIRL','1c62a5e6-13f7-4dad-aa8b-926f9668a66b','7ae4e737-5fc4-4861-9c9a-effa8ebf7b69',NULL,NULL,66,0,'7','2024-03-26 13:35:46','2024-03-26 13:35:46'),('8a872c83-8293-41ec-9024-cec5e417ae7e','GOLDWING','87866261-cd0b-483d-92c5-25ea013766bf','1150d75d-18e1-4a20-af72-fed3fafb0a5a',NULL,NULL,68,0,'6','2024-03-26 13:36:02','2024-03-26 13:36:02'),('8bf40bec-f7c6-4764-b919-847ce6771829','Rare','83cbb6db-7f25-4600-83bd-de4292b9a98f','21200740-1934-4101-b70c-c4c39c6d1c56',NULL,NULL,61,0,'1','2024-03-26 10:53:09','2024-03-26 10:53:09'),('8c39c95b-ce1c-4d47-819c-b3d717558c4d','Living Proof','9a403fd9-cfb3-4770-b622-7e153a738902','48635131-8be1-4461-8421-39c747d8d88b',NULL,NULL,52,0,'2','2024-03-26 10:52:37','2024-03-26 10:52:37'),('8c4924ab-a2a8-4be8-8531-a50bb549f452','Pray For Me (with Kendrick Lamar)','e68aeb9d-321d-4130-b30a-07407e590e96','1dec1cc6-12d3-4af1-a381-6cf206bbb1a3',NULL,NULL,73,0,'9','2024-03-26 13:34:55','2024-03-26 13:34:55'),('8cb50918-cdfe-45ad-a540-da5640cf26f3','don\'t wanna break up again','7f86246f-7af4-48dd-8dba-4a6bf67ac148','1501537b-f07d-4b23-b12a-eb671caf9999',NULL,NULL,75,0,'3','2024-03-26 13:35:24','2024-03-26 13:35:24'),('8ea55c56-638c-4db8-a938-b28b9eb4cb1a','Dance Again','83cbb6db-7f25-4600-83bd-de4292b9a98f','21200740-1934-4101-b70c-c4c39c6d1c56',NULL,NULL,52,0,'2','2024-03-26 10:53:09','2024-03-26 10:53:09'),('8edae347-101f-40cf-a0d9-ea3084acc80c','Last Dance','b562a9e4-d1d5-46e0-bdbf-927f55c9c153','544ab7f1-dd56-4945-8e46-2e8982f7bb85',NULL,NULL,58,0,'17','2024-03-26 10:53:07','2024-03-26 10:53:07'),('9260b146-b73f-4c83-89bf-25db8365cc2a','I Think He Knows','87c91785-983c-416d-b1ee-7eab1fe67849','6761e63b-72e9-4dfc-b922-fe204ec10d8d',NULL,NULL,76,0,'6','2024-03-26 11:15:28','2024-03-26 11:15:28'),('930fe6f6-43ef-4d3b-b3dc-a532e3c4f527','Lost Cause','87866261-cd0b-483d-92c5-25ea013766bf','1150d75d-18e1-4a20-af72-fed3fafb0a5a',NULL,NULL,70,0,'7','2024-03-26 13:36:03','2024-03-26 13:36:03'),('9366ff6d-007a-47f5-821b-add9237813cc','House Of Balloons / Glass Table Girls','e68aeb9d-321d-4130-b30a-07407e590e96','1dec1cc6-12d3-4af1-a381-6cf206bbb1a3',NULL,NULL,56,0,'21','2024-03-26 13:35:05','2024-03-26 13:35:05'),('9471d979-ccce-4038-afe0-1167bb229c7a','My Oh My (feat. DaBaby)','9a403fd9-cfb3-4770-b622-7e153a738902','48635131-8be1-4461-8421-39c747d8d88b',NULL,NULL,75,0,'4','2024-03-26 10:52:39','2024-03-26 10:52:39'),('954a3100-6f16-494c-b7a6-dd7cbda02dc1','I Like It','61094e76-7ce6-4ec5-bc45-5221c3fa3d0a','0573eb45-2eaa-4e25-ae97-1d71bce524ba',NULL,NULL,78,0,'7','2024-03-26 13:36:36','2024-03-26 13:36:36'),('95dd8dd7-51db-41ec-a270-8bd41207a7c5','imperfect for you','7f86246f-7af4-48dd-8dba-4a6bf67ac148','1501537b-f07d-4b23-b12a-eb671caf9999',NULL,NULL,73,0,'12','2024-03-26 13:35:32','2024-03-26 13:35:32'),('966b5e32-52a9-47f3-898b-4d215c26d26b','because i liked a boy','02a74551-8ea4-4f07-b311-edcf5a4ff264','1b772651-7b8d-43bb-82f8-1f952ce173ca',NULL,NULL,60,0,'5','2024-03-26 11:23:33','2024-03-26 11:23:33'),('96943e7c-331e-4ef4-9cb7-601404a1e14b','supernatural (with Troye Sivan)','7f86246f-7af4-48dd-8dba-4a6bf67ac148','1501537b-f07d-4b23-b12a-eb671caf9999',NULL,NULL,78,0,'14','2024-03-26 13:35:36','2024-03-26 13:35:36'),('9743c01b-6538-4014-b428-e8e9cc225919','logical','4540a49d-608d-4872-a320-48a2ae7ed336','36d44fdc-cfb9-4a42-a8ab-90cfee34e4c4',NULL,NULL,60,0,'7','2024-03-26 11:19:02','2024-03-26 11:19:02'),('98687e17-27ef-4854-a6cc-8efed6d3553b','opposite','02a74551-8ea4-4f07-b311-edcf5a4ff264','1b772651-7b8d-43bb-82f8-1f952ce173ca',NULL,NULL,69,0,'14','2024-03-26 11:24:38','2024-03-26 11:24:38'),('989e1ab7-0808-47a6-a01c-b6d8db4051ef','Often','e68aeb9d-321d-4130-b30a-07407e590e96','1dec1cc6-12d3-4af1-a381-6cf206bbb1a3',NULL,NULL,56,0,'14','2024-03-26 13:34:59','2024-03-26 13:34:59'),('9c7816f6-e0f1-4a4f-b6f8-2c61a84407da','MOVE (feat. Grace Jones & Tems)','1c62a5e6-13f7-4dad-aa8b-926f9668a66b','7ae4e737-5fc4-4861-9c9a-effa8ebf7b69',NULL,NULL,67,0,'10','2024-03-26 13:35:49','2024-03-26 13:35:49'),('9cc8fed8-dae8-41cd-ac86-0eb33b5c002e','She Bad','61094e76-7ce6-4ec5-bc45-5221c3fa3d0a','0573eb45-2eaa-4e25-ae97-1d71bce524ba',NULL,NULL,54,0,'11','2024-03-26 13:36:41','2024-03-26 13:36:41'),('9d823988-913c-4536-8cd8-451f6caa352e','Pink Birthday','a2ecfb25-9e41-4f3f-b87c-1a31a0ff8e62','c9e484d7-8c66-49ca-8844-0ed82fcfb3e6',NULL,NULL,61,0,'8','2024-03-26 13:36:18','2024-03-26 13:36:18'),('9d99bc9c-1dfa-4926-899f-f16816c708d8','Handstand','535d5e02-dced-43fa-8ecd-8eda062b40f0','d9381e52-0860-4b61-a25b-d11da8f2403f',NULL,NULL,57,0,'7','2024-03-26 13:36:58','2024-03-26 13:36:58'),('9ddeead8-03d9-4c7d-8477-bd22cbf9aba6','love is embarrassing','4540a49d-608d-4872-a320-48a2ae7ed336','36d44fdc-cfb9-4a42-a8ab-90cfee34e4c4',NULL,NULL,61,0,'9','2024-03-26 11:19:08','2024-03-26 11:19:08'),('9e2047bc-1f0e-4db5-878f-2fcb3d498b36','Begging','b562a9e4-d1d5-46e0-bdbf-927f55c9c153','544ab7f1-dd56-4945-8e46-2e8982f7bb85',NULL,NULL,49,0,'11','2024-03-26 10:53:00','2024-03-26 10:53:00'),('9ee6d8f5-59d8-424c-9228-cd5e94b8b09e','Cowgirl (feat. Lourdiz)','a2ecfb25-9e41-4f3f-b87c-1a31a0ff8e62','c9e484d7-8c66-49ca-8844-0ed82fcfb3e6',NULL,NULL,62,0,'10','2024-03-26 13:36:20','2024-03-26 13:36:20'),('9ef584ba-8af1-4bd6-a963-e8cfda40c4ca','THIQUE','1c62a5e6-13f7-4dad-aa8b-926f9668a66b','7ae4e737-5fc4-4861-9c9a-effa8ebf7b69',NULL,NULL,66,0,'12','2024-03-26 13:35:50','2024-03-26 13:35:50'),('9f61cd9b-8262-4e41-93a8-7e814d9595b5','Heartless','e68aeb9d-321d-4130-b30a-07407e590e96','1dec1cc6-12d3-4af1-a381-6cf206bbb1a3',NULL,NULL,58,0,'10','2024-03-26 13:34:56','2024-03-26 13:34:56'),('9f9ec89e-27f8-4073-9cec-38d18851e8b2','Shake It Off (Taylor\'s Version)','90d134d9-13c0-4b25-aaba-bba70e1b2828','428dff10-d167-41d0-bf37-b1890f1edb51',NULL,NULL,66,0,'6','2024-03-26 11:13:52','2024-03-26 11:13:52'),('a0f123e0-3432-4ed5-be25-4f84bfd4fed7','Tell Your Friends','e68aeb9d-321d-4130-b30a-07407e590e96','1dec1cc6-12d3-4af1-a381-6cf206bbb1a3',NULL,NULL,52,0,'27','2024-03-26 13:35:10','2024-03-26 13:35:10'),('a2ac3e83-6def-4815-9857-00cc0efd5174','Read your Mind','02a74551-8ea4-4f07-b311-edcf5a4ff264','1b772651-7b8d-43bb-82f8-1f952ce173ca',NULL,NULL,62,0,'3','2024-03-26 11:23:03','2024-03-26 11:23:03'),('a3000cf9-a49b-4d1e-8c74-473b84b24606','Male Fantasy','87866261-cd0b-483d-92c5-25ea013766bf','1150d75d-18e1-4a20-af72-fed3fafb0a5a',NULL,NULL,70,0,'16','2024-03-26 13:36:10','2024-03-26 13:36:10'),('a4a1a9c8-4a68-49bf-b5da-eb3945d993fa','good 4 u','bff29b9b-8040-48dd-b377-e40b075672f1','e44e9c65-d4d2-4d43-ba37-cbe346f1b085',NULL,NULL,85,0,'6','2024-03-26 11:21:08','2024-03-26 11:21:08'),('a6a0ffa6-f5b9-4d3b-9f07-5557127aba18','Lost In Your Light (feat. Miguel)','b562a9e4-d1d5-46e0-bdbf-927f55c9c153','544ab7f1-dd56-4945-8e46-2e8982f7bb85',NULL,NULL,53,0,'2','2024-03-26 10:52:51','2024-03-26 10:52:51'),('a8d78bf9-7e8c-4af1-9634-7581c8a2e2a6','decode','02a74551-8ea4-4f07-b311-edcf5a4ff264','1b772651-7b8d-43bb-82f8-1f952ce173ca',NULL,NULL,57,0,'13','2024-03-26 11:24:31','2024-03-26 11:24:31'),('aa69c153-6820-4323-be6b-4064fcec3328','Wildcard','535d5e02-dced-43fa-8ecd-8eda062b40f0','d9381e52-0860-4b61-a25b-d11da8f2403f',NULL,NULL,59,0,'11','2024-03-26 13:37:02','2024-03-26 13:37:02'),('ac3b44ac-4765-44ce-bee7-bb1dae0358a1','I Do (feat. SZA)','61094e76-7ce6-4ec5-bc45-5221c3fa3d0a','0573eb45-2eaa-4e25-ae97-1d71bce524ba',NULL,NULL,64,0,'13','2024-03-26 13:36:44','2024-03-26 13:36:44'),('ae1ac1f3-123c-43e4-a014-e3ec4ebc3c6b','hope ur ok','bff29b9b-8040-48dd-b377-e40b075672f1','e44e9c65-d4d2-4d43-ba37-cbe346f1b085',NULL,NULL,75,0,'11','2024-03-26 11:21:36','2024-03-26 11:21:36'),('aef3dcc2-ede7-443f-a417-7003a626f1f0','Earned It (Fifty Shades Of Grey)','e68aeb9d-321d-4130-b30a-07407e590e96','1dec1cc6-12d3-4af1-a381-6cf206bbb1a3',NULL,NULL,70,0,'16','2024-03-26 13:35:01','2024-03-26 13:35:01'),('aef7bd83-4bb3-4fd7-9431-9dc2e0eec24a','Pink Friday Girls','a2ecfb25-9e41-4f3f-b87c-1a31a0ff8e62','c9e484d7-8c66-49ca-8844-0ed82fcfb3e6',NULL,NULL,76,0,'15','2024-03-26 13:36:24','2024-03-26 13:36:24'),('af31fa72-f3af-4e77-a78e-97dbc1ab9d1e','This Love (Taylor’s Version)','90d134d9-13c0-4b25-aaba-bba70e1b2828','428dff10-d167-41d0-bf37-b1890f1edb51',NULL,NULL,64,0,'11','2024-03-26 11:14:00','2024-03-26 11:14:00'),('afebc366-4611-42c9-a6f7-17fcab65995e','Death By A Thousand Cuts','87c91785-983c-416d-b1ee-7eab1fe67849','6761e63b-72e9-4dfc-b922-fe204ec10d8d',NULL,NULL,76,0,'10','2024-03-26 11:15:50','2024-03-26 11:15:50'),('b0a6426d-820a-4521-b3cc-ae5094783f1a','Halley\'s Comet','87866261-cd0b-483d-92c5-25ea013766bf','1150d75d-18e1-4a20-af72-fed3fafb0a5a',NULL,NULL,77,0,'8','2024-03-26 13:36:04','2024-03-26 13:36:04'),('b1cab5cf-14ef-4a0d-adf3-6983acf91cd3','One Of The Girls (with JENNIE, Lily Rose Depp)','e68aeb9d-321d-4130-b30a-07407e590e96','1dec1cc6-12d3-4af1-a381-6cf206bbb1a3',NULL,NULL,86,0,'19','2024-03-26 13:35:03','2024-03-26 13:35:03'),('b2cd948e-0c80-43c8-8e61-9aa0f854d5ac','Dream of You','9a403fd9-cfb3-4770-b622-7e153a738902','48635131-8be1-4461-8421-39c747d8d88b',NULL,NULL,49,0,'10','2024-03-26 10:52:45','2024-03-26 10:52:45'),('b3aa628c-256e-4bce-bea9-92203c28e72c','Wonderland (Taylor\'s Version)','90d134d9-13c0-4b25-aaba-bba70e1b2828','428dff10-d167-41d0-bf37-b1890f1edb51',NULL,NULL,65,0,'14','2024-03-26 11:14:03','2024-03-26 11:14:03'),('b3b58fd0-1410-4369-94fc-966ea617b161','Starboy (feat. Daft Punk)','e68aeb9d-321d-4130-b30a-07407e590e96','1dec1cc6-12d3-4af1-a381-6cf206bbb1a3',NULL,NULL,60,0,'2','2024-03-26 13:34:49','2024-03-26 13:34:49'),('b4f29157-2262-4096-b78f-c65f8d95cdcf','Style (Taylor\'s Version)','90d134d9-13c0-4b25-aaba-bba70e1b2828','428dff10-d167-41d0-bf37-b1890f1edb51',NULL,NULL,69,0,'3','2024-03-26 11:13:47','2024-03-26 11:13:47'),('b5802046-6659-46e9-bf7e-f2f97d228d6f','Wonder Woman','535d5e02-dced-43fa-8ecd-8eda062b40f0','d9381e52-0860-4b61-a25b-d11da8f2403f',NULL,NULL,57,0,'13','2024-03-26 13:37:03','2024-03-26 13:37:03'),('b5cb5c31-874f-4c47-8c97-7564e6403e80','Used to This','9a403fd9-cfb3-4770-b622-7e153a738902','48635131-8be1-4461-8421-39c747d8d88b',NULL,NULL,53,0,'13','2024-03-26 10:52:47','2024-03-26 10:52:47'),('b6151b27-75b2-4cdd-9094-d7f5454352dc','Not My Responsibility','87866261-cd0b-483d-92c5-25ea013766bf','1150d75d-18e1-4a20-af72-fed3fafb0a5a',NULL,NULL,68,0,'9','2024-03-26 13:36:04','2024-03-26 13:36:04'),('b67ccd00-fd15-4aee-b128-bbcdaaa2f11c','get him back!','4540a49d-608d-4872-a320-48a2ae7ed336','36d44fdc-cfb9-4a42-a8ab-90cfee34e4c4',NULL,NULL,61,0,'8','2024-03-26 11:19:06','2024-03-26 11:19:06'),('b8605f56-6580-43f1-b616-2264bcc8889f','yes, and?','7f86246f-7af4-48dd-8dba-4a6bf67ac148','1501537b-f07d-4b23-b12a-eb671caf9999',NULL,NULL,73,0,'9','2024-03-26 13:35:29','2024-03-26 13:35:29'),('b8a5b342-aafa-467d-b6e8-0e291a6bc7cd','Fast Times','02a74551-8ea4-4f07-b311-edcf5a4ff264','1b772651-7b8d-43bb-82f8-1f952ce173ca',NULL,NULL,60,0,'10','2024-03-26 11:24:12','2024-03-26 11:24:12'),('b9937717-dc35-407f-bc18-357c0d031e24','the boy is mine','7f86246f-7af4-48dd-8dba-4a6bf67ac148','1501537b-f07d-4b23-b12a-eb671caf9999',NULL,NULL,75,0,'8','2024-03-26 13:35:28','2024-03-26 13:35:28'),('b9af7c4b-246d-4d96-be66-93e1919ea850','Wasted Times','e68aeb9d-321d-4130-b30a-07407e590e96','1dec1cc6-12d3-4af1-a381-6cf206bbb1a3',NULL,NULL,51,0,'31','2024-03-26 13:35:13','2024-03-26 13:35:13'),('ba40bb79-4788-4f27-ae5c-e35956fec8b6','favorite crime','bff29b9b-8040-48dd-b377-e40b075672f1','e44e9c65-d4d2-4d43-ba37-cbe346f1b085',NULL,NULL,85,0,'10','2024-03-26 11:21:29','2024-03-26 11:21:29'),('baf1d6c1-0f75-4897-89cf-5208efc1e6f3','Suburban Legends (Taylor\'s Version) (From The Vault)','90d134d9-13c0-4b25-aaba-bba70e1b2828','428dff10-d167-41d0-bf37-b1890f1edb51',NULL,NULL,66,0,'20','2024-03-26 11:14:26','2024-03-26 11:14:26'),('bb3ce458-d300-49d7-b0a3-eec295c6ffef','RNB (feat. Lil Wayne & Tate Kobang)','a2ecfb25-9e41-4f3f-b87c-1a31a0ff8e62','c9e484d7-8c66-49ca-8844-0ed82fcfb3e6',NULL,NULL,62,0,'7','2024-03-26 13:36:17','2024-03-26 13:36:17'),('bd94a477-4b58-49a2-80b7-324700ff53d8','ordinary things (feat. Nonna)','7f86246f-7af4-48dd-8dba-4a6bf67ac148','1501537b-f07d-4b23-b12a-eb671caf9999',NULL,NULL,72,0,'13','2024-03-26 13:35:35','2024-03-26 13:35:35'),('c04fa75f-c7a6-4362-a585-4a944e23ec69','ALIEN SUPERSTAR','1c62a5e6-13f7-4dad-aa8b-926f9668a66b','7ae4e737-5fc4-4861-9c9a-effa8ebf7b69',NULL,NULL,73,0,'3','2024-03-26 13:35:42','2024-03-26 13:35:42'),('c2c7fe2b-b17e-4ad6-b2a8-78baffdba0ed','girl i’ve always been','4540a49d-608d-4872-a320-48a2ae7ed336','36d44fdc-cfb9-4a42-a8ab-90cfee34e4c4',NULL,NULL,73,0,'14','2024-03-26 11:19:49','2024-03-26 11:19:49'),('c35c876b-73b8-4e29-9a89-81113b49d059','Paper Rings','87c91785-983c-416d-b1ee-7eab1fe67849','6761e63b-72e9-4dfc-b922-fe204ec10d8d',NULL,NULL,83,0,'8','2024-03-26 11:15:43','2024-03-26 11:15:43'),('c576f14e-aa10-4a0e-bcea-c57c91b042ad','How You Get The Girl (Taylor\'s Version)','90d134d9-13c0-4b25-aaba-bba70e1b2828','428dff10-d167-41d0-bf37-b1890f1edb51',NULL,NULL,65,0,'10','2024-03-26 11:13:59','2024-03-26 11:13:59'),('c72b59c8-4f44-4dcb-a52b-e8f7816d1cda','Blinding Lights','e68aeb9d-321d-4130-b30a-07407e590e96','1dec1cc6-12d3-4af1-a381-6cf206bbb1a3',NULL,NULL,59,0,'4','2024-03-26 13:34:51','2024-03-26 13:34:51'),('c7b272da-3db5-4391-b44e-96feaa6326b7','I Was Never There (with Gesaffelstein)','e68aeb9d-321d-4130-b30a-07407e590e96','1dec1cc6-12d3-4af1-a381-6cf206bbb1a3',NULL,NULL,55,0,'20','2024-03-26 13:35:04','2024-03-26 13:35:04'),('c81c95c2-de3f-4ef4-93d1-fef1d9b4270d','AMERICA HAS A PROBLEM','1c62a5e6-13f7-4dad-aa8b-926f9668a66b','7ae4e737-5fc4-4861-9c9a-effa8ebf7b69',NULL,NULL,72,0,'14','2024-03-26 13:35:51','2024-03-26 13:35:51'),('c8780cc3-ca86-405f-8bfe-b6a1856eba52','I Wish You Would (Taylor\'s Version)','90d134d9-13c0-4b25-aaba-bba70e1b2828','428dff10-d167-41d0-bf37-b1890f1edb51',NULL,NULL,65,0,'7','2024-03-26 11:13:53','2024-03-26 11:13:53'),('c8f4fba1-3af3-40dc-a108-2e36279f7754','Violet Chemistry','535d5e02-dced-43fa-8ecd-8eda062b40f0','d9381e52-0860-4b61-a25b-d11da8f2403f',NULL,NULL,59,0,'9','2024-03-26 13:37:00','2024-03-26 13:37:00'),('c939a3d5-3ef8-4a21-b00c-3fc4060521d4','Are You Gone Already','a2ecfb25-9e41-4f3f-b87c-1a31a0ff8e62','c9e484d7-8c66-49ca-8844-0ed82fcfb3e6',NULL,NULL,66,0,'1','2024-03-26 13:36:12','2024-03-26 13:36:12'),('c96db79f-571d-4c23-b831-388633b84d4e','Should\'ve Said It','9a403fd9-cfb3-4770-b622-7e153a738902','48635131-8be1-4461-8421-39c747d8d88b',NULL,NULL,53,0,'3','2024-03-26 10:52:38','2024-03-26 10:52:38'),('ca780a0e-acbb-43e6-8691-afae836e6e24','Fun','83cbb6db-7f25-4600-83bd-de4292b9a98f','21200740-1934-4101-b70c-c4c39c6d1c56',NULL,NULL,46,0,'11','2024-03-26 10:53:19','2024-03-26 10:53:19'),('cc1fcb9f-f51f-4075-863f-d7349ab3ddd4','False God','87c91785-983c-416d-b1ee-7eab1fe67849','6761e63b-72e9-4dfc-b922-fe204ec10d8d',NULL,NULL,76,0,'13','2024-03-26 11:16:11','2024-03-26 11:16:11'),('cc9c8321-1f0a-49d6-beb6-367977844723','true story','7f86246f-7af4-48dd-8dba-4a6bf67ac148','1501537b-f07d-4b23-b12a-eb671caf9999',NULL,NULL,74,0,'7','2024-03-26 13:35:27','2024-03-26 13:35:27'),('ce71d6fc-dbd3-4369-9de0-4a1c72fa7a03','Feel It Twice','9a403fd9-cfb3-4770-b622-7e153a738902','48635131-8be1-4461-8421-39c747d8d88b',NULL,NULL,49,0,'9','2024-03-26 10:52:44','2024-03-26 10:52:44'),('cf7b3355-9f42-43da-ba12-bf3689f56e87','OverHeated','87866261-cd0b-483d-92c5-25ea013766bf','1150d75d-18e1-4a20-af72-fed3fafb0a5a',NULL,NULL,67,0,'10','2024-03-26 13:36:05','2024-03-26 13:36:05'),('d19d60f6-e0b1-49e7-a9ed-492ac3abc991','teenage dream','4540a49d-608d-4872-a320-48a2ae7ed336','36d44fdc-cfb9-4a42-a8ab-90cfee34e4c4',NULL,NULL,60,0,'12','2024-03-26 11:19:39','2024-03-26 11:19:39'),('d29a65f5-1ea1-4ab1-9fcc-d6d7fa211c73','Save Your Tears','e68aeb9d-321d-4130-b30a-07407e590e96','1dec1cc6-12d3-4af1-a381-6cf206bbb1a3',NULL,NULL,61,0,'3','2024-03-26 13:34:50','2024-03-26 13:34:50'),('d562930b-c491-40cc-af78-fe5894fd8a92','lacy','4540a49d-608d-4872-a320-48a2ae7ed336','36d44fdc-cfb9-4a42-a8ab-90cfee34e4c4',NULL,NULL,62,0,'4','2024-03-26 11:18:50','2024-03-26 11:18:50'),('d58f3cce-de26-47a7-94f2-bb3310727120','VIRGO\'S GROOVE','1c62a5e6-13f7-4dad-aa8b-926f9668a66b','7ae4e737-5fc4-4861-9c9a-effa8ebf7b69',NULL,NULL,67,0,'9','2024-03-26 13:35:48','2024-03-26 13:35:48'),('d63aba8c-e3ba-4608-b41c-8bec9862ba23','Call Out My Name','e68aeb9d-321d-4130-b30a-07407e590e96','1dec1cc6-12d3-4af1-a381-6cf206bbb1a3',NULL,NULL,58,0,'13','2024-03-26 13:34:58','2024-03-26 13:34:58'),('d6800a29-4525-44e3-a321-2f1b990e6d19','all-american bitch','4540a49d-608d-4872-a320-48a2ae7ed336','36d44fdc-cfb9-4a42-a8ab-90cfee34e4c4',NULL,NULL,66,0,'1','2024-03-26 11:18:27','2024-03-26 11:18:27'),('d7794dc0-92dd-4da4-89f7-dd1e84367685','obsessed','4540a49d-608d-4872-a320-48a2ae7ed336','36d44fdc-cfb9-4a42-a8ab-90cfee34e4c4',NULL,NULL,79,0,'13','2024-03-26 11:19:46','2024-03-26 11:19:46'),('d7f9be4b-e311-43d0-8e85-91907b65a5bc','The Archer','87c91785-983c-416d-b1ee-7eab1fe67849','6761e63b-72e9-4dfc-b922-fe204ec10d8d',NULL,NULL,81,0,'5','2024-03-26 11:15:20','2024-03-26 11:15:20'),('d8d91b57-10b0-43df-91c1-8f442175b487','stranger','4540a49d-608d-4872-a320-48a2ae7ed336','36d44fdc-cfb9-4a42-a8ab-90cfee34e4c4',NULL,NULL,73,0,'16','2024-03-26 11:20:05','2024-03-26 11:20:05'),('d909a018-0350-4d53-bdc5-6c68d7dbb18d','Saturn Returns Interlude','7f86246f-7af4-48dd-8dba-4a6bf67ac148','1501537b-f07d-4b23-b12a-eb671caf9999',NULL,NULL,72,0,'4','2024-03-26 13:35:25','2024-03-26 13:35:25'),('da108dd7-3066-4e11-ac0c-0fb3e5e48abf','Ring (feat. Kehlani)','61094e76-7ce6-4ec5-bc45-5221c3fa3d0a','0573eb45-2eaa-4e25-ae97-1d71bce524ba',NULL,NULL,66,0,'8','2024-03-26 13:36:37','2024-03-26 13:36:37'),('da66b8c7-4094-4b6b-8824-1e094c479656','Reminder','e68aeb9d-321d-4130-b30a-07407e590e96','1dec1cc6-12d3-4af1-a381-6cf206bbb1a3',NULL,NULL,53,0,'29','2024-03-26 13:35:12','2024-03-26 13:35:12'),('dc47cb1a-cc95-4688-a39e-9d51a50934cd','drivers license','bff29b9b-8040-48dd-b377-e40b075672f1','e44e9c65-d4d2-4d43-ba37-cbe346f1b085',NULL,NULL,86,0,'3','2024-03-26 11:20:32','2024-03-26 11:20:32'),('dc524f57-4bf5-45e8-908c-a6ed44b1ea1c','You Are In Love (Taylor\'s Version)','90d134d9-13c0-4b25-aaba-bba70e1b2828','428dff10-d167-41d0-bf37-b1890f1edb51',NULL,NULL,65,0,'15','2024-03-26 11:14:06','2024-03-26 11:14:06'),('dcccb05d-740c-4ab1-ad2a-bf5c58e00248','New Romantics (Taylor\'s Version)','90d134d9-13c0-4b25-aaba-bba70e1b2828','428dff10-d167-41d0-bf37-b1890f1edb51',NULL,NULL,66,0,'16','2024-03-26 11:14:08','2024-03-26 11:14:08'),('ddf088e9-bf75-44d6-be83-05d7e71d8205','traitor','bff29b9b-8040-48dd-b377-e40b075672f1','e44e9c65-d4d2-4d43-ba37-cbe346f1b085',NULL,NULL,86,0,'2','2024-03-26 11:20:27','2024-03-26 11:20:27'),('de0e3936-ac53-4b60-86d9-b43a97d9d1eb','Is It Over Now? (Taylor\'s Version) (From The Vault)','90d134d9-13c0-4b25-aaba-bba70e1b2828','428dff10-d167-41d0-bf37-b1890f1edb51',NULL,NULL,72,0,'21','2024-03-26 11:14:32','2024-03-26 11:14:32'),('de45e880-e2c2-4c6d-8969-2e625a5e4929','Feather','02a74551-8ea4-4f07-b311-edcf5a4ff264','1b772651-7b8d-43bb-82f8-1f952ce173ca',NULL,NULL,91,0,'15','2024-03-26 11:24:58','2024-03-26 11:24:58'),('de67e911-ce4a-41a6-b4c5-15142149ee23','Die For You','e68aeb9d-321d-4130-b30a-07407e590e96','1dec1cc6-12d3-4af1-a381-6cf206bbb1a3',NULL,NULL,62,0,'1','2024-03-26 13:34:45','2024-03-26 13:34:45'),('e26662b7-8851-4a30-bf10-84b5c3ce02e9','intro (end of the world)','7f86246f-7af4-48dd-8dba-4a6bf67ac148','1501537b-f07d-4b23-b12a-eb671caf9999',NULL,NULL,75,0,'1','2024-03-26 13:35:22','2024-03-26 13:35:22'),('e54954cd-1703-4045-9402-4ed47bfd57ce','Let Me Calm Down (feat. J. Cole)','a2ecfb25-9e41-4f3f-b87c-1a31a0ff8e62','c9e484d7-8c66-49ca-8844-0ed82fcfb3e6',NULL,NULL,68,0,'6','2024-03-26 13:36:17','2024-03-26 13:36:17'),('e56a61ec-a0e4-4ce0-87c9-82e55329afcb','Your Power','87866261-cd0b-483d-92c5-25ea013766bf','1150d75d-18e1-4a20-af72-fed3fafb0a5a',NULL,NULL,73,0,'12','2024-03-26 13:36:07','2024-03-26 13:36:07'),('e620675b-de12-4e67-a4ae-0c302a09622e','SUMMER RENAISSANCE','1c62a5e6-13f7-4dad-aa8b-926f9668a66b','7ae4e737-5fc4-4861-9c9a-effa8ebf7b69',NULL,NULL,67,0,'16','2024-03-26 13:35:53','2024-03-26 13:35:53'),('e8b583a5-da0d-4df0-aae7-58f4b53cb837','London Boy','87c91785-983c-416d-b1ee-7eab1fe67849','6761e63b-72e9-4dfc-b922-fe204ec10d8d',NULL,NULL,77,0,'11','2024-03-26 11:16:04','2024-03-26 11:16:04'),('e8f8d7ec-40d0-40eb-a873-8689bcfa4e2f','Needle (feat. Drake)','a2ecfb25-9e41-4f3f-b87c-1a31a0ff8e62','c9e484d7-8c66-49ca-8844-0ed82fcfb3e6',NULL,NULL,75,0,'9','2024-03-26 13:36:19','2024-03-26 13:36:19'),('e939cd23-d502-4683-92d9-1e7b82798594','Homesick','b562a9e4-d1d5-46e0-bdbf-927f55c9c153','544ab7f1-dd56-4945-8e46-2e8982f7bb85',NULL,NULL,62,0,'12','2024-03-26 10:53:02','2024-03-26 10:53:02'),('e9d0f3bb-bdc7-4638-a7e8-872345d73ecb','Cruel Summer','87c91785-983c-416d-b1ee-7eab1fe67849','6761e63b-72e9-4dfc-b922-fe204ec10d8d',NULL,NULL,97,0,'2','2024-03-26 11:14:49','2024-03-26 11:14:49'),('eaaf3bbc-f4ee-406d-b22b-d1c861e6d5ea','PURE/HONEY','1c62a5e6-13f7-4dad-aa8b-926f9668a66b','7ae4e737-5fc4-4861-9c9a-effa8ebf7b69',NULL,NULL,69,0,'15','2024-03-26 13:35:52','2024-03-26 13:35:52'),('ec3d1694-cce7-4540-97a7-ff2cce9b5bfc','Say Don\'t Go (Taylor\'s Version) (From The Vault)','90d134d9-13c0-4b25-aaba-bba70e1b2828','428dff10-d167-41d0-bf37-b1890f1edb51',NULL,NULL,68,0,'18','2024-03-26 11:14:12','2024-03-26 11:14:12'),('ed9dacd4-c95e-41a5-a824-90193fab800b','Can\'t Feel My Face','e68aeb9d-321d-4130-b30a-07407e590e96','1dec1cc6-12d3-4af1-a381-6cf206bbb1a3',NULL,NULL,58,0,'7','2024-03-26 13:34:54','2024-03-26 13:34:54'),('ef7f5824-3bd6-44f7-bc5c-f5242f64bfa9','HEATED','1c62a5e6-13f7-4dad-aa8b-926f9668a66b','7ae4e737-5fc4-4861-9c9a-effa8ebf7b69',NULL,NULL,72,0,'11','2024-03-26 13:35:49','2024-03-26 13:35:49'),('f0c946fa-c925-4ea7-9cc6-4e403d1440c3','I Didn\'t Change My Number','87866261-cd0b-483d-92c5-25ea013766bf','1150d75d-18e1-4a20-af72-fed3fafb0a5a',NULL,NULL,73,0,'2','2024-03-26 13:35:57','2024-03-26 13:35:57'),('f0db4759-acaa-4c99-9162-762a58e12fe3','ME! (feat. Brendon Urie of Panic! At The Disco)','87c91785-983c-416d-b1ee-7eab1fe67849','6761e63b-72e9-4dfc-b922-fe204ec10d8d',NULL,NULL,79,0,'16','2024-03-26 11:16:40','2024-03-26 11:16:40'),('f1d5845f-cbaa-407d-a998-30e3cededb9d','enough for you','bff29b9b-8040-48dd-b377-e40b075672f1','e44e9c65-d4d2-4d43-ba37-cbe346f1b085',NULL,NULL,78,0,'7','2024-03-26 11:21:14','2024-03-26 11:21:14'),('f2f4c5b9-ac6c-4ffa-a867-1235a98e67b4','Thousand Miles (feat. Brandi Carlile)','535d5e02-dced-43fa-8ecd-8eda062b40f0','d9381e52-0860-4b61-a25b-d11da8f2403f',NULL,NULL,65,0,'5','2024-03-26 13:36:56','2024-03-26 13:36:56'),('f3156d33-723d-4659-ac5c-b7d934286df7','I\'M THAT GIRL','1c62a5e6-13f7-4dad-aa8b-926f9668a66b','7ae4e737-5fc4-4861-9c9a-effa8ebf7b69',NULL,NULL,70,0,'1','2024-03-26 13:35:41','2024-03-26 13:35:41'),('f3fc55ba-7af5-423f-8660-21e952064853','New Rules','b562a9e4-d1d5-46e0-bdbf-927f55c9c153','544ab7f1-dd56-4945-8e46-2e8982f7bb85',NULL,NULL,81,0,'10','2024-03-26 10:53:00','2024-03-26 10:53:00'),('f5e53226-55f0-46b7-8953-5943a59db338','Therefore I Am','87866261-cd0b-483d-92c5-25ea013766bf','1150d75d-18e1-4a20-af72-fed3fafb0a5a',NULL,NULL,72,0,'14','2024-03-26 13:36:08','2024-03-26 13:36:08'),('f5fbe254-435c-4ddc-8b24-7715bafe500a','Love Me Harder (with The Weeknd)','e68aeb9d-321d-4130-b30a-07407e590e96','1dec1cc6-12d3-4af1-a381-6cf206bbb1a3',NULL,NULL,56,0,'15','2024-03-26 13:35:00','2024-03-26 13:35:00'),('f60c35f1-bf59-415c-b2a5-5c74bc0b4eeb','Jaded','535d5e02-dced-43fa-8ecd-8eda062b40f0','d9381e52-0860-4b61-a25b-d11da8f2403f',NULL,NULL,75,0,'2','2024-03-26 13:36:53','2024-03-26 13:36:53'),('f65729fc-e561-4df8-b7e8-0382f4b95a6e','Be the One','b562a9e4-d1d5-46e0-bdbf-927f55c9c153','544ab7f1-dd56-4945-8e46-2e8982f7bb85',NULL,NULL,65,0,'4','2024-03-26 10:52:52','2024-03-26 10:52:52'),('f68e85fe-89b1-4a6f-b0b3-8fabe1bad356','I Know Places (Taylor\'s Version)','90d134d9-13c0-4b25-aaba-bba70e1b2828','428dff10-d167-41d0-bf37-b1890f1edb51',NULL,NULL,65,0,'12','2024-03-26 11:14:01','2024-03-26 11:14:01'),('f69b7483-266e-42e5-9ae0-c136e457b005','I Feel It Coming (feat. Daft Punk)','e68aeb9d-321d-4130-b30a-07407e590e96','1dec1cc6-12d3-4af1-a381-6cf206bbb1a3',NULL,NULL,58,0,'8','2024-03-26 13:34:55','2024-03-26 13:34:55'),('f72beae7-5370-46be-857a-fd6e1b935ed5','Out Of The Woods (Taylor\'s Version)','90d134d9-13c0-4b25-aaba-bba70e1b2828','428dff10-d167-41d0-bf37-b1890f1edb51',NULL,NULL,67,0,'4','2024-03-26 11:13:48','2024-03-26 11:13:48'),('f8665310-d450-489e-9ca6-7cf58663cbcd','Out of Time','e68aeb9d-321d-4130-b30a-07407e590e96','1dec1cc6-12d3-4af1-a381-6cf206bbb1a3',NULL,NULL,53,0,'34','2024-03-26 13:35:16','2024-03-26 13:35:16'),('f8736fb1-057a-4938-a365-6b511672d604','my future','87866261-cd0b-483d-92c5-25ea013766bf','1150d75d-18e1-4a20-af72-fed3fafb0a5a',NULL,NULL,69,0,'4','2024-03-26 13:35:59','2024-03-26 13:35:59'),('f94e389f-f7dc-4eb8-a3d5-ee49e3a18a9c','bye','7f86246f-7af4-48dd-8dba-4a6bf67ac148','1501537b-f07d-4b23-b12a-eb671caf9999',NULL,NULL,75,0,'2','2024-03-26 13:35:23','2024-03-26 13:35:23'),('f98ca176-fc2c-47d5-b9ed-42058cfce7fb','People You Know','83cbb6db-7f25-4600-83bd-de4292b9a98f','21200740-1934-4101-b70c-c4c39c6d1c56',NULL,NULL,79,0,'7','2024-03-26 10:53:16','2024-03-26 10:53:16'),('fb6ae0ea-2da6-423e-8c28-7054747b6524','Best Life (feat. Chance The Rapper)','61094e76-7ce6-4ec5-bc45-5221c3fa3d0a','0573eb45-2eaa-4e25-ae97-1d71bce524ba',NULL,NULL,52,0,'6','2024-03-26 13:36:35','2024-03-26 13:36:35'),('fb953ee8-0b4c-4738-8477-914a2e6422ca','true story - a cappella','7f86246f-7af4-48dd-8dba-4a6bf67ac148','1501537b-f07d-4b23-b12a-eb671caf9999',NULL,NULL,70,0,'16','2024-03-26 13:35:38','2024-03-26 13:35:38'),('fc22a0cb-0b58-46e7-8a1f-db97b897ab29','It’s Nice To Have A Friend','87c91785-983c-416d-b1ee-7eab1fe67849','6761e63b-72e9-4dfc-b922-fe204ec10d8d',NULL,NULL,70,0,'17','2024-03-26 11:17:04','2024-03-26 11:17:04'),('fd7992b3-d66e-4508-9b15-9ee8a2edbbca','Popular (with Playboi Carti & Madonna)','e68aeb9d-321d-4130-b30a-07407e590e96','1dec1cc6-12d3-4af1-a381-6cf206bbb1a3',NULL,NULL,85,0,'26','2024-03-26 13:35:09','2024-03-26 13:35:09'),('fe2ca18f-5bde-4dff-ba90-6a5b004376a4','Bahm Bahm','a2ecfb25-9e41-4f3f-b87c-1a31a0ff8e62','c9e484d7-8c66-49ca-8844-0ed82fcfb3e6',NULL,NULL,64,0,'17','2024-03-26 13:36:25','2024-03-26 13:36:25'),('fe61b7a5-1558-4a7d-bfee-f1a54fbd6e31','Cry for Me','9a403fd9-cfb3-4770-b622-7e153a738902','48635131-8be1-4461-8421-39c747d8d88b',NULL,NULL,53,0,'11','2024-03-26 10:52:46','2024-03-26 10:52:46'),('ffc8b2a7-eec2-463e-b2b9-f51fa150a29f','Blank Space (Taylor\'s Version)','90d134d9-13c0-4b25-aaba-bba70e1b2828','428dff10-d167-41d0-bf37-b1890f1edb51',NULL,NULL,68,0,'2','2024-03-26 11:13:46','2024-03-26 11:13:46');
/*!40000 ALTER TABLE `tracks` ENABLE KEYS */;
UNLOCK TABLES;

--
-- Table structure for table `user_roles`
--

DROP TABLE IF EXISTS `user_roles`;
/*!40101 SET @saved_cs_client     = @@character_set_client */;
/*!50503 SET character_set_client = utf8mb4 */;
CREATE TABLE `user_roles` (
  `user_id` varchar(60) DEFAULT NULL,
  `role_id` varchar(60) DEFAULT NULL,
  `id` varchar(60) NOT NULL,
  `created_at` datetime DEFAULT NULL,
  `updated_at` datetime DEFAULT NULL,
  PRIMARY KEY (`id`),
  KEY `user_id` (`user_id`),
  KEY `role_id` (`role_id`),
  CONSTRAINT `user_roles_ibfk_1` FOREIGN KEY (`user_id`) REFERENCES `users` (`id`) ON DELETE CASCADE,
  CONSTRAINT `user_roles_ibfk_2` FOREIGN KEY (`role_id`) REFERENCES `roles` (`id`) ON DELETE CASCADE
) ENGINE=InnoDB DEFAULT CHARSET=utf8mb4 COLLATE=utf8mb4_0900_ai_ci;
/*!40101 SET character_set_client = @saved_cs_client */;

--
-- Dumping data for table `user_roles`
--

LOCK TABLES `user_roles` WRITE;
/*!40000 ALTER TABLE `user_roles` DISABLE KEYS */;
/*!40000 ALTER TABLE `user_roles` ENABLE KEYS */;
UNLOCK TABLES;

--
-- Table structure for table `users`
--

DROP TABLE IF EXISTS `users`;
/*!40101 SET @saved_cs_client     = @@character_set_client */;
/*!50503 SET character_set_client = utf8mb4 */;
CREATE TABLE `users` (
  `firstname` varchar(128) DEFAULT NULL,
  `lastname` varchar(128) DEFAULT NULL,
  `email` varchar(128) NOT NULL,
  `password` varchar(255) NOT NULL,
  `id` varchar(60) NOT NULL,
  `created_at` datetime DEFAULT NULL,
  `updated_at` datetime DEFAULT NULL,
  PRIMARY KEY (`id`)
) ENGINE=InnoDB DEFAULT CHARSET=utf8mb4 COLLATE=utf8mb4_0900_ai_ci;
/*!40101 SET character_set_client = @saved_cs_client */;

--
-- Dumping data for table `users`
--

LOCK TABLES `users` WRITE;
/*!40000 ALTER TABLE `users` DISABLE KEYS */;
INSERT INTO `users` VALUES ('BO','Marley','bob@gmail','$2b$12$XQW.GHI2g9WMXCtbjEEPaucJtRNQNDvSxx.QCjd73RFrjqBtKGDWi','44ad2f72-51dd-4ad9-a575-f76185d94be9','2024-03-21 07:48:54','2024-03-21 07:48:54'),(NULL,NULL,'jeanremyniyigaba894@gmail.com','$2b$12$g3.JsdXkW3FjYF6oJ5vDVOsIyYxBftA82WfkJVggLx0yMllP/tVOy','4b079b98-575e-4078-a7a8-d3961f3cba1a','2024-03-21 12:11:57','2024-03-21 12:11:57'),('Aime','Bruno','bruno@gmail','$2b$12$C.PY0aG6Cds7vbjdr5NEiOjkRY3ZIoz.acTGBIlE5VaK7OWqURBJu','4f7ae379-31e5-478a-b616-b9bda0d7f76d','2024-03-21 06:11:12','2024-03-21 06:11:12'),('So','Marley','so@gmail','$2b$12$z4ejYnsGmRhW5cKFSVYDl.wdZ.LXKkkZsyGbXfiDC..g3M4FTzP5K','554f110e-37ba-4a33-b317-47f0f878f5d3','2024-03-21 07:58:18','2024-03-21 07:58:18'),(NULL,NULL,'bruno@gmail','$2b$12$gNnQppI4yrKFNxPzEcAEd.kSKnFVMlAs9yI6Rd9nssD0a7LFobLba','579290be-28c8-4bbe-9970-e48c44cf0d17','2024-03-21 09:43:17','2024-03-21 09:43:17'),(NULL,NULL,'examples@gmail.com','$2b$12$LTdmWE1a7UpviDhl/53IF.fOnK.by29ZXAtug8/5P1Jwul9kfL84W','65fa1704-3c3b-496d-9ebf-de3ec8a7835f','2024-03-21 08:41:35','2024-03-21 08:41:35'),(NULL,NULL,'bruno@gmail','$2b$12$RFCMr8nONZgp48nK9fjeMOEEz4vLHgBgvA4yuq9w0dHm6P7.2X10.','7dc9ed1b-b7f9-4392-9fc4-d93f691c9f09','2024-03-21 09:41:37','2024-03-21 09:41:37'),(NULL,NULL,'bibo.com','$2b$12$uUl2ruBpeoPbJeIn3ZsdduAl1zJ0uBvOM67dD0YTLe02s2lc5zSHK','8007c583-01b7-429e-875b-f91e8df27324','2024-03-25 12:40:58','2024-03-25 12:40:58'),('Aime','Bruno','bruno@gmail','$2b$12$/i57UnNZXGNOog2fK3QphOym..a988mz4B.xMBskzh33lG0g8TFY.','81b81601-3c63-4b50-a853-d0cb817fed16','2024-03-21 06:12:34','2024-03-21 06:12:34'),('BOB','Marley','bob@gmail','$2b$12$q0KwCmm5JkXivU9ykHl3Zez6.s.u2hODjrKzE95ZPbek8yHxtyYD.','8491b5a8-f23e-472c-8571-74be9b84e4e7','2024-03-21 07:18:00','2024-03-21 07:18:00'),('John','Doe','john@example.com','$2b$12$lVHjd4CWplx8tXhmw0Qx8./7rXeANDP8f/MmvSuwECox2/s.Ggjky','874aea49-3310-4a36-9155-1ef6a21e2415','2024-03-21 09:15:04','2024-03-21 09:15:04'),(NULL,NULL,'bibo.com','$2b$12$nMTQnC0pAoXx.rKMwRCsYeEhaE/F2uM7Z.1n6KXJuPcOuIfT/gmfK','8d1a3ea4-38b6-4e4b-9123-e8bcb6533a0a','2024-03-25 12:41:04','2024-03-25 12:41:04'),('BOB','Marley','bob@gmail','$2b$12$ZGS2i9/qs0Hg0w40XJMEKO.O7ZjcSTDxL6cNjqOkq3WA29fiTRmM6','96fd201b-52a9-4453-9fb9-9ce2bd1f45ef','2024-03-21 07:19:01','2024-03-21 07:19:01'),('Muhayemariya','Faustine','faustinemuhayeriya44@gmail','$2b$12$uaZXNuvoHPnSBS7qN.YopOxO/qF02E2OKaQMQ8tLe1VbWDykYvuKK','a098b7ee-574b-485f-8d1a-cf6cda625001','2024-03-21 05:41:48','2024-03-21 05:41:48'),('Aime','Bruno','bruno@gmail','$2b$12$cvzZLInXDwReWsDBTzfUF.WxQXWXh1Y97UieQy88CQ6p/noDx9ERK','a4335ad2-7fde-4a75-9256-807b77a170ef','2024-03-21 06:15:24','2024-03-21 06:15:24'),(NULL,NULL,'faustine43012@gmail.com','$2b$12$i.2nz8u3orM9bQHzkQaWxOCgS5RT/0VPbwC/lG3yRkSb7iXsgP.gq','c07a7459-30fc-4aad-af01-170ea291cffe','2024-03-21 11:37:25','2024-03-21 11:37:25'),(NULL,NULL,'bruno@gmail','$2b$12$8Fp6wcSCY106FohBW4kXZu3z7CI5UpEm2xdgeHBUZj8lXY6Yfy5Ba','d9a1e9b4-4df9-41d2-a6c8-b0f17d5f9c00','2024-03-21 09:41:15','2024-03-21 09:41:15'),(NULL,NULL,'faustinemuhayemariya44@gmail.com','$2b$12$UnbnZyVyx7BPb9Zs4/FY/O4k8aWXPSZIqXsdfd6Y74UEcEtw5ZITS','df7d7cef-cf64-4fff-b301-5344651c2025','2024-03-21 11:55:45','2024-03-21 11:55:45'),(NULL,NULL,'bruno@gmail','$2b$12$OjSOzMh4/Mxu8Mur1PWXY.EAxo9aBt/GpYnxttA1pcEI4CCUKrfU2','ee598208-5e1c-40d1-b34d-fb26f26cd815','2024-03-21 09:46:39','2024-03-21 09:46:39'),(NULL,NULL,'nyambazandej@gmail.com','$2b$12$gQJ.GZ3n4C4Hcvin7Ctzp.p6F7oV.KjnWE.jvCJaSiP5qry6eqMW6','f7410099-3ca6-4eba-b2bd-3f45c04f6f4e','2024-03-21 12:10:30','2024-03-21 12:10:30'),(NULL,NULL,'kamila@gmail.com','$2b$12$Z3jYar78XB1rEA4JH9m0Xe6G95fKFpDBNM4ScueUwZuZKuGLvl16O','fb2c7130-deb0-4bea-9279-ae607b2e9bfb','2024-03-21 05:39:23','2024-03-21 05:39:23');
/*!40000 ALTER TABLE `users` ENABLE KEYS */;
UNLOCK TABLES;
/*!40103 SET TIME_ZONE=@OLD_TIME_ZONE */;

/*!40101 SET SQL_MODE=@OLD_SQL_MODE */;
/*!40014 SET FOREIGN_KEY_CHECKS=@OLD_FOREIGN_KEY_CHECKS */;
/*!40014 SET UNIQUE_CHECKS=@OLD_UNIQUE_CHECKS */;
/*!40101 SET CHARACTER_SET_CLIENT=@OLD_CHARACTER_SET_CLIENT */;
/*!40101 SET CHARACTER_SET_RESULTS=@OLD_CHARACTER_SET_RESULTS */;
/*!40101 SET COLLATION_CONNECTION=@OLD_COLLATION_CONNECTION */;
/*!40111 SET SQL_NOTES=@OLD_SQL_NOTES */;

-- Dump completed on 2024-03-26 15:43:45
